{"type":"FeatureCollection","name":"nz_coastal_oisst_cells_75km","features":[{"type":"Feature","id":"oisst_165.625_-45.375","properties":{"cell_id":"oisst_165.625_-45.375","id":"oisst_165.625_-45.375","name":"oisst_165.625_-45.375","Name":"oisst_165.625_-45.375"},"geometry":{"type":"Polygon","coordinates":[[[165.4995,-45.5005],[165.4995,-45.2495],[165.7505,-45.2495],[165.7505,-45.5005],[165.4995,-45.5005]]]}},{"type":"Feature","id":"oisst_165.625_-45.625","properties":{"cell_id":"oisst_165.625_-45.625","id":"oisst_165.625_-45.625","name":"oisst_165.625_-45.625","Name":"oisst_165.625_-45.625"},"geometry":{"type":"Polygon","coordinates":[[[165.4995,-45.7505],[165.4995,-45.4995],[165.7505,-45.4995],[165.7505,-45.7505],[165.4995,-45.7505]]]}},{"type":"Feature","id":"oisst_165.625_-45.875","properties":{"cell_id":"oisst_165.625_-45.875","id":"oisst_165.625_-45.875","name":"oisst_165.625_-45.875","Name":"oisst_165.625_-45.875"},"geometry":{"type":"Polygon","coordinates":[[[165.4995,-46.0005],[165.4995,-45.7495],[165.7505,-45.7495],[165.7505,-46.0005],[165.4995,-46.0005]]]}},{"type":"Feature","id":"oisst_165.625_-46.125","properties":{"cell_id":"oisst_165.625_-46.125","id":"oisst_165.625_-46.125","name":"oisst_165.625_-46.125","Name":"oisst_165.625_-46.125"},"geometry":{"type":"Polygon","coordinates":[[[165.4995,-46.2505],[165.4995,-45.9995],[165.7505,-45.9995],[165.7505,-46.2505],[165.4995,-46.2505]]]}},{"type":"Feature","id":"oisst_165.875_-45.125","properties":{"cell_id":"oisst_165.875_-45.125","id":"oisst_165.875_-45.125","name":"oisst_165.875_-45.125","Name":"oisst_165.875_-45.125"},"geometry":{"type":"Polygon","coordinates":[[[165.7495,-45.2505],[165.7495,-44.9995],[166.0005,-44.9995],[166.0005,-45.2505],[165.7495,-45.2505]]]}},{"type":"Feature","id":"oisst_165.875_-45.375","properties":{"cell_id":"oisst_165.875_-45.375","id":"oisst_165.875_-45.375","name":"oisst_165.875_-45.375","Name":"oisst_165.875_-45.375"},"geometry":{"type":"Polygon","coordinates":[[[165.7495,-45.5005],[165.7495,-45.2495],[166.0005,-45.2495],[166.0005,-45.5005],[165.7495,-45.5005]]]}},{"type":"Feature","id":"oisst_165.875_-45.625","properties":{"cell_id":"oisst_165.875_-45.625","id":"oisst_165.875_-45.625","name":"oisst_165.875_-45.625","Name":"oisst_165.875_-45.625"},"geometry":{"type":"Polygon","coordinates":[[[165.7495,-45.7505],[165.7495,-45.4995],[166.0005,-45.4995],[166.0005,-45.7505],[165.7495,-45.7505]]]}},{"type":"Feature","id":"oisst_165.875_-45.875","properties":{"cell_id":"oisst_165.875_-45.875","id":"oisst_165.875_-45.875","name":"oisst_165.875_-45.875","Name":"oisst_165.875_-45.875"},"geometry":{"type":"Polygon","coordinates":[[[165.7495,-46.0005],[165.7495,-45.7495],[166.0005,-45.7495],[166.0005,-46.0005],[165.7495,-46.0005]]]}},{"type":"Feature","id":"oisst_165.875_-46.125","properties":{"cell_id":"oisst_165.875_-46.125","id":"oisst_165.875_-46.125","name":"oisst_165.875_-46.125","Name":"oisst_165.875_-46.125"},"geometry":{"type":"Polygon","coordinates":[[[165.7495,-46.2505],[165.7495,-45.9995],[166.0005,-45.9995],[166.0005,-46.2505],[165.7495,-46.2505]]]}},{"type":"Feature","id":"oisst_165.875_-46.375","properties":{"cell_id":"oisst_165.875_-46.375","id":"oisst_165.875_-46.375","name":"oisst_165.875_-46.375","Name":"oisst_165.875_-46.375"},"geometry":{"type":"Polygon","coordinates":[[[165.7495,-46.5005],[165.7495,-46.2495],[166.0005,-46.2495],[166.0005,-46.5005],[165.7495,-46.5005]]]}},{"type":"Feature","id":"oisst_166.125_-44.875","properties":{"cell_id":"oisst_166.125_-44.875","id":"oisst_166.125_-44.875","name":"oisst_166.125_-44.875","Name":"oisst_166.125_-44.875"},"geometry":{"type":"Polygon","coordinates":[[[165.9995,-45.0005],[165.9995,-44.7495],[166.2505,-44.7495],[166.2505,-45.0005],[165.9995,-45.0005]]]}},{"type":"Feature","id":"oisst_166.125_-45.125","properties":{"cell_id":"oisst_166.125_-45.125","id":"oisst_166.125_-45.125","name":"oisst_166.125_-45.125","Name":"oisst_166.125_-45.125"},"geometry":{"type":"Polygon","coordinates":[[[165.9995,-45.2505],[165.9995,-44.9995],[166.2505,-44.9995],[166.2505,-45.2505],[165.9995,-45.2505]]]}},{"type":"Feature","id":"oisst_166.125_-45.375","properties":{"cell_id":"oisst_166.125_-45.375","id":"oisst_166.125_-45.375","name":"oisst_166.125_-45.375","Name":"oisst_166.125_-45.375"},"geometry":{"type":"Polygon","coordinates":[[[165.9995,-45.5005],[165.9995,-45.2495],[166.2505,-45.2495],[166.2505,-45.5005],[165.9995,-45.5005]]]}},{"type":"Feature","id":"oisst_166.125_-45.625","properties":{"cell_id":"oisst_166.125_-45.625","id":"oisst_166.125_-45.625","name":"oisst_166.125_-45.625","Name":"oisst_166.125_-45.625"},"geometry":{"type":"Polygon","coordinates":[[[165.9995,-45.7505],[165.9995,-45.4995],[166.2505,-45.4995],[166.2505,-45.7505],[165.9995,-45.7505]]]}},{"type":"Feature","id":"oisst_166.125_-45.875","properties":{"cell_id":"oisst_166.125_-45.875","id":"oisst_166.125_-45.875","name":"oisst_166.125_-45.875","Name":"oisst_166.125_-45.875"},"geometry":{"type":"Polygon","coordinates":[[[165.9995,-46.0005],[165.9995,-45.7495],[166.2505,-45.7495],[166.2505,-46.0005],[165.9995,-46.0005]]]}},{"type":"Feature","id":"oisst_166.125_-46.125","properties":{"cell_id":"oisst_166.125_-46.125","id":"oisst_166.125_-46.125","name":"oisst_166.125_-46.125","Name":"oisst_166.125_-46.125"},"geometry":{"type":"Polygon","coordinates":[[[165.9995,-46.2505],[165.9995,-45.9995],[166.2505,-45.9995],[166.2505,-46.2505],[165.9995,-46.2505]]]}},{"type":"Feature","id":"oisst_166.125_-46.375","properties":{"cell_id":"oisst_166.125_-46.375","id":"oisst_166.125_-46.375","name":"oisst_166.125_-46.375","Name":"oisst_166.125_-46.375"},"geometry":{"type":"Polygon","coordinates":[[[165.9995,-46.5005],[165.9995,-46.2495],[166.2505,-46.2495],[166.2505,-46.5005],[165.9995,-46.5005]]]}},{"type":"Feature","id":"oisst_166.125_-46.625","properties":{"cell_id":"oisst_166.125_-46.625","id":"oisst_166.125_-46.625","name":"oisst_166.125_-46.625","Name":"oisst_166.125_-46.625"},"geometry":{"type":"Polygon","coordinates":[[[165.9995,-46.7505],[165.9995,-46.4995],[166.2505,-46.4995],[166.2505,-46.7505],[165.9995,-46.7505]]]}},{"type":"Feature","id":"oisst_166.125_-46.875","properties":{"cell_id":"oisst_166.125_-46.875","id":"oisst_166.125_-46.875","name":"oisst_166.125_-46.875","Name":"oisst_166.125_-46.875"},"geometry":{"type":"Polygon","coordinates":[[[165.9995,-47.0005],[165.9995,-46.7495],[166.2505,-46.7495],[166.2505,-47.0005],[165.9995,-47.0005]]]}},{"type":"Feature","id":"oisst_166.375_-44.625","properties":{"cell_id":"oisst_166.375_-44.625","id":"oisst_166.375_-44.625","name":"oisst_166.375_-44.625","Name":"oisst_166.375_-44.625"},"geometry":{"type":"Polygon","coordinates":[[[166.2495,-44.7505],[166.2495,-44.4995],[166.5005,-44.4995],[166.5005,-44.7505],[166.2495,-44.7505]]]}},{"type":"Feature","id":"oisst_166.375_-44.875","properties":{"cell_id":"oisst_166.375_-44.875","id":"oisst_166.375_-44.875","name":"oisst_166.375_-44.875","Name":"oisst_166.375_-44.875"},"geometry":{"type":"Polygon","coordinates":[[[166.2495,-45.0005],[166.2495,-44.7495],[166.5005,-44.7495],[166.5005,-45.0005],[166.2495,-45.0005]]]}},{"type":"Feature","id":"oisst_166.375_-45.125","properties":{"cell_id":"oisst_166.375_-45.125","id":"oisst_166.375_-45.125","name":"oisst_166.375_-45.125","Name":"oisst_166.375_-45.125"},"geometry":{"type":"Polygon","coordinates":[[[166.2495,-45.2505],[166.2495,-44.9995],[166.5005,-44.9995],[166.5005,-45.2505],[166.2495,-45.2505]]]}},{"type":"Feature","id":"oisst_166.375_-45.375","properties":{"cell_id":"oisst_166.375_-45.375","id":"oisst_166.375_-45.375","name":"oisst_166.375_-45.375","Name":"oisst_166.375_-45.375"},"geometry":{"type":"Polygon","coordinates":[[[166.2495,-45.5005],[166.2495,-45.2495],[166.5005,-45.2495],[166.5005,-45.5005],[166.2495,-45.5005]]]}},{"type":"Feature","id":"oisst_166.375_-45.625","properties":{"cell_id":"oisst_166.375_-45.625","id":"oisst_166.375_-45.625","name":"oisst_166.375_-45.625","Name":"oisst_166.375_-45.625"},"geometry":{"type":"Polygon","coordinates":[[[166.2495,-45.7505],[166.2495,-45.4995],[166.5005,-45.4995],[166.5005,-45.7505],[166.2495,-45.7505]]]}},{"type":"Feature","id":"oisst_166.375_-45.875","properties":{"cell_id":"oisst_166.375_-45.875","id":"oisst_166.375_-45.875","name":"oisst_166.375_-45.875","Name":"oisst_166.375_-45.875"},"geometry":{"type":"Polygon","coordinates":[[[166.2495,-46.0005],[166.2495,-45.7495],[166.5005,-45.7495],[166.5005,-46.0005],[166.2495,-46.0005]]]}},{"type":"Feature","id":"oisst_166.375_-46.125","properties":{"cell_id":"oisst_166.375_-46.125","id":"oisst_166.375_-46.125","name":"oisst_166.375_-46.125","Name":"oisst_166.375_-46.125"},"geometry":{"type":"Polygon","coordinates":[[[166.2495,-46.2505],[166.2495,-45.9995],[166.5005,-45.9995],[166.5005,-46.2505],[166.2495,-46.2505]]]}},{"type":"Feature","id":"oisst_166.375_-46.375","properties":{"cell_id":"oisst_166.375_-46.375","id":"oisst_166.375_-46.375","name":"oisst_166.375_-46.375","Name":"oisst_166.375_-46.375"},"geometry":{"type":"Polygon","coordinates":[[[166.2495,-46.5005],[166.2495,-46.2495],[166.5005,-46.2495],[166.5005,-46.5005],[166.2495,-46.5005]]]}},{"type":"Feature","id":"oisst_166.375_-46.625","properties":{"cell_id":"oisst_166.375_-46.625","id":"oisst_166.375_-46.625","name":"oisst_166.375_-46.625","Name":"oisst_166.375_-46.625"},"geometry":{"type":"Polygon","coordinates":[[[166.2495,-46.7505],[166.2495,-46.4995],[166.5005,-46.4995],[166.5005,-46.7505],[166.2495,-46.7505]]]}},{"type":"Feature","id":"oisst_166.375_-46.875","properties":{"cell_id":"oisst_166.375_-46.875","id":"oisst_166.375_-46.875","name":"oisst_166.375_-46.875","Name":"oisst_166.375_-46.875"},"geometry":{"type":"Polygon","coordinates":[[[166.2495,-47.0005],[166.2495,-46.7495],[166.5005,-46.7495],[166.5005,-47.0005],[166.2495,-47.0005]]]}},{"type":"Feature","id":"oisst_166.375_-47.125","properties":{"cell_id":"oisst_166.375_-47.125","id":"oisst_166.375_-47.125","name":"oisst_166.375_-47.125","Name":"oisst_166.375_-47.125"},"geometry":{"type":"Polygon","coordinates":[[[166.2495,-47.2505],[166.2495,-46.9995],[166.5005,-46.9995],[166.5005,-47.2505],[166.2495,-47.2505]]]}},{"type":"Feature","id":"oisst_166.375_-47.375","properties":{"cell_id":"oisst_166.375_-47.375","id":"oisst_166.375_-47.375","name":"oisst_166.375_-47.375","Name":"oisst_166.375_-47.375"},"geometry":{"type":"Polygon","coordinates":[[[166.2495,-47.5005],[166.2495,-47.2495],[166.5005,-47.2495],[166.5005,-47.5005],[166.2495,-47.5005]]]}},{"type":"Feature","id":"oisst_166.625_-44.625","properties":{"cell_id":"oisst_166.625_-44.625","id":"oisst_166.625_-44.625","name":"oisst_166.625_-44.625","Name":"oisst_166.625_-44.625"},"geometry":{"type":"Polygon","coordinates":[[[166.4995,-44.7505],[166.4995,-44.4995],[166.7505,-44.4995],[166.7505,-44.7505],[166.4995,-44.7505]]]}},{"type":"Feature","id":"oisst_166.625_-44.875","properties":{"cell_id":"oisst_166.625_-44.875","id":"oisst_166.625_-44.875","name":"oisst_166.625_-44.875","Name":"oisst_166.625_-44.875"},"geometry":{"type":"Polygon","coordinates":[[[166.4995,-45.0005],[166.4995,-44.7495],[166.7505,-44.7495],[166.7505,-45.0005],[166.4995,-45.0005]]]}},{"type":"Feature","id":"oisst_166.625_-45.125","properties":{"cell_id":"oisst_166.625_-45.125","id":"oisst_166.625_-45.125","name":"oisst_166.625_-45.125","Name":"oisst_166.625_-45.125"},"geometry":{"type":"Polygon","coordinates":[[[166.4995,-45.2505],[166.4995,-44.9995],[166.7505,-44.9995],[166.7505,-45.2505],[166.4995,-45.2505]]]}},{"type":"Feature","id":"oisst_166.625_-45.375","properties":{"cell_id":"oisst_166.625_-45.375","id":"oisst_166.625_-45.375","name":"oisst_166.625_-45.375","Name":"oisst_166.625_-45.375"},"geometry":{"type":"Polygon","coordinates":[[[166.4995,-45.5005],[166.4995,-45.2495],[166.7505,-45.2495],[166.7505,-45.5005],[166.4995,-45.5005]]]}},{"type":"Feature","id":"oisst_166.625_-46.375","properties":{"cell_id":"oisst_166.625_-46.375","id":"oisst_166.625_-46.375","name":"oisst_166.625_-46.375","Name":"oisst_166.625_-46.375"},"geometry":{"type":"Polygon","coordinates":[[[166.4995,-46.5005],[166.4995,-46.2495],[166.7505,-46.2495],[166.7505,-46.5005],[166.4995,-46.5005]]]}},{"type":"Feature","id":"oisst_166.625_-46.625","properties":{"cell_id":"oisst_166.625_-46.625","id":"oisst_166.625_-46.625","name":"oisst_166.625_-46.625","Name":"oisst_166.625_-46.625"},"geometry":{"type":"Polygon","coordinates":[[[166.4995,-46.7505],[166.4995,-46.4995],[166.7505,-46.4995],[166.7505,-46.7505],[166.4995,-46.7505]]]}},{"type":"Feature","id":"oisst_166.625_-46.875","properties":{"cell_id":"oisst_166.625_-46.875","id":"oisst_166.625_-46.875","name":"oisst_166.625_-46.875","Name":"oisst_166.625_-46.875"},"geometry":{"type":"Polygon","coordinates":[[[166.4995,-47.0005],[166.4995,-46.7495],[166.7505,-46.7495],[166.7505,-47.0005],[166.4995,-47.0005]]]}},{"type":"Feature","id":"oisst_166.625_-47.125","properties":{"cell_id":"oisst_166.625_-47.125","id":"oisst_166.625_-47.125","name":"oisst_166.625_-47.125","Name":"oisst_166.625_-47.125"},"geometry":{"type":"Polygon","coordinates":[[[166.4995,-47.2505],[166.4995,-46.9995],[166.7505,-46.9995],[166.7505,-47.2505],[166.4995,-47.2505]]]}},{"type":"Feature","id":"oisst_166.625_-47.375","properties":{"cell_id":"oisst_166.625_-47.375","id":"oisst_166.625_-47.375","name":"oisst_166.625_-47.375","Name":"oisst_166.625_-47.375"},"geometry":{"type":"Polygon","coordinates":[[[166.4995,-47.5005],[166.4995,-47.2495],[166.7505,-47.2495],[166.7505,-47.5005],[166.4995,-47.5005]]]}},{"type":"Feature","id":"oisst_166.625_-47.625","properties":{"cell_id":"oisst_166.625_-47.625","id":"oisst_166.625_-47.625","name":"oisst_166.625_-47.625","Name":"oisst_166.625_-47.625"},"geometry":{"type":"Polygon","coordinates":[[[166.4995,-47.7505],[166.4995,-47.4995],[166.7505,-47.4995],[166.7505,-47.7505],[166.4995,-47.7505]]]}},{"type":"Feature","id":"oisst_166.875_-44.375","properties":{"cell_id":"oisst_166.875_-44.375","id":"oisst_166.875_-44.375","name":"oisst_166.875_-44.375","Name":"oisst_166.875_-44.375"},"geometry":{"type":"Polygon","coordinates":[[[166.7495,-44.5005],[166.7495,-44.2495],[167.0005,-44.2495],[167.0005,-44.5005],[166.7495,-44.5005]]]}},{"type":"Feature","id":"oisst_166.875_-44.625","properties":{"cell_id":"oisst_166.875_-44.625","id":"oisst_166.875_-44.625","name":"oisst_166.875_-44.625","Name":"oisst_166.875_-44.625"},"geometry":{"type":"Polygon","coordinates":[[[166.7495,-44.7505],[166.7495,-44.4995],[167.0005,-44.4995],[167.0005,-44.7505],[166.7495,-44.7505]]]}},{"type":"Feature","id":"oisst_166.875_-44.875","properties":{"cell_id":"oisst_166.875_-44.875","id":"oisst_166.875_-44.875","name":"oisst_166.875_-44.875","Name":"oisst_166.875_-44.875"},"geometry":{"type":"Polygon","coordinates":[[[166.7495,-45.0005],[166.7495,-44.7495],[167.0005,-44.7495],[167.0005,-45.0005],[166.7495,-45.0005]]]}},{"type":"Feature","id":"oisst_166.875_-45.125","properties":{"cell_id":"oisst_166.875_-45.125","id":"oisst_166.875_-45.125","name":"oisst_166.875_-45.125","Name":"oisst_166.875_-45.125"},"geometry":{"type":"Polygon","coordinates":[[[166.7495,-45.2505],[166.7495,-44.9995],[167.0005,-44.9995],[167.0005,-45.2505],[166.7495,-45.2505]]]}},{"type":"Feature","id":"oisst_166.875_-46.375","properties":{"cell_id":"oisst_166.875_-46.375","id":"oisst_166.875_-46.375","name":"oisst_166.875_-46.375","Name":"oisst_166.875_-46.375"},"geometry":{"type":"Polygon","coordinates":[[[166.7495,-46.5005],[166.7495,-46.2495],[167.0005,-46.2495],[167.0005,-46.5005],[166.7495,-46.5005]]]}},{"type":"Feature","id":"oisst_166.875_-46.625","properties":{"cell_id":"oisst_166.875_-46.625","id":"oisst_166.875_-46.625","name":"oisst_166.875_-46.625","Name":"oisst_166.875_-46.625"},"geometry":{"type":"Polygon","coordinates":[[[166.7495,-46.7505],[166.7495,-46.4995],[167.0005,-46.4995],[167.0005,-46.7505],[166.7495,-46.7505]]]}},{"type":"Feature","id":"oisst_166.875_-46.875","properties":{"cell_id":"oisst_166.875_-46.875","id":"oisst_166.875_-46.875","name":"oisst_166.875_-46.875","Name":"oisst_166.875_-46.875"},"geometry":{"type":"Polygon","coordinates":[[[166.7495,-47.0005],[166.7495,-46.7495],[167.0005,-46.7495],[167.0005,-47.0005],[166.7495,-47.0005]]]}},{"type":"Feature","id":"oisst_166.875_-47.125","properties":{"cell_id":"oisst_166.875_-47.125","id":"oisst_166.875_-47.125","name":"oisst_166.875_-47.125","Name":"oisst_166.875_-47.125"},"geometry":{"type":"Polygon","coordinates":[[[166.7495,-47.2505],[166.7495,-46.9995],[167.0005,-46.9995],[167.0005,-47.2505],[166.7495,-47.2505]]]}},{"type":"Feature","id":"oisst_166.875_-47.375","properties":{"cell_id":"oisst_166.875_-47.375","id":"oisst_166.875_-47.375","name":"oisst_166.875_-47.375","Name":"oisst_166.875_-47.375"},"geometry":{"type":"Polygon","coordinates":[[[166.7495,-47.5005],[166.7495,-47.2495],[167.0005,-47.2495],[167.0005,-47.5005],[166.7495,-47.5005]]]}},{"type":"Feature","id":"oisst_166.875_-47.625","properties":{"cell_id":"oisst_166.875_-47.625","id":"oisst_166.875_-47.625","name":"oisst_166.875_-47.625","Name":"oisst_166.875_-47.625"},"geometry":{"type":"Polygon","coordinates":[[[166.7495,-47.7505],[166.7495,-47.4995],[167.0005,-47.4995],[167.0005,-47.7505],[166.7495,-47.7505]]]}},{"type":"Feature","id":"oisst_167.125_-44.125","properties":{"cell_id":"oisst_167.125_-44.125","id":"oisst_167.125_-44.125","name":"oisst_167.125_-44.125","Name":"oisst_167.125_-44.125"},"geometry":{"type":"Polygon","coordinates":[[[166.9995,-44.2505],[166.9995,-43.9995],[167.2505,-43.9995],[167.2505,-44.2505],[166.9995,-44.2505]]]}},{"type":"Feature","id":"oisst_167.125_-44.375","properties":{"cell_id":"oisst_167.125_-44.375","id":"oisst_167.125_-44.375","name":"oisst_167.125_-44.375","Name":"oisst_167.125_-44.375"},"geometry":{"type":"Polygon","coordinates":[[[166.9995,-44.5005],[166.9995,-44.2495],[167.2505,-44.2495],[167.2505,-44.5005],[166.9995,-44.5005]]]}},{"type":"Feature","id":"oisst_167.125_-44.625","properties":{"cell_id":"oisst_167.125_-44.625","id":"oisst_167.125_-44.625","name":"oisst_167.125_-44.625","Name":"oisst_167.125_-44.625"},"geometry":{"type":"Polygon","coordinates":[[[166.9995,-44.7505],[166.9995,-44.4995],[167.2505,-44.4995],[167.2505,-44.7505],[166.9995,-44.7505]]]}},{"type":"Feature","id":"oisst_167.125_-44.875","properties":{"cell_id":"oisst_167.125_-44.875","id":"oisst_167.125_-44.875","name":"oisst_167.125_-44.875","Name":"oisst_167.125_-44.875"},"geometry":{"type":"Polygon","coordinates":[[[166.9995,-45.0005],[166.9995,-44.7495],[167.2505,-44.7495],[167.2505,-45.0005],[166.9995,-45.0005]]]}},{"type":"Feature","id":"oisst_167.125_-46.375","properties":{"cell_id":"oisst_167.125_-46.375","id":"oisst_167.125_-46.375","name":"oisst_167.125_-46.375","Name":"oisst_167.125_-46.375"},"geometry":{"type":"Polygon","coordinates":[[[166.9995,-46.5005],[166.9995,-46.2495],[167.2505,-46.2495],[167.2505,-46.5005],[166.9995,-46.5005]]]}},{"type":"Feature","id":"oisst_167.125_-46.625","properties":{"cell_id":"oisst_167.125_-46.625","id":"oisst_167.125_-46.625","name":"oisst_167.125_-46.625","Name":"oisst_167.125_-46.625"},"geometry":{"type":"Polygon","coordinates":[[[166.9995,-46.7505],[166.9995,-46.4995],[167.2505,-46.4995],[167.2505,-46.7505],[166.9995,-46.7505]]]}},{"type":"Feature","id":"oisst_167.125_-46.875","properties":{"cell_id":"oisst_167.125_-46.875","id":"oisst_167.125_-46.875","name":"oisst_167.125_-46.875","Name":"oisst_167.125_-46.875"},"geometry":{"type":"Polygon","coordinates":[[[166.9995,-47.0005],[166.9995,-46.7495],[167.2505,-46.7495],[167.2505,-47.0005],[166.9995,-47.0005]]]}},{"type":"Feature","id":"oisst_167.125_-47.125","properties":{"cell_id":"oisst_167.125_-47.125","id":"oisst_167.125_-47.125","name":"oisst_167.125_-47.125","Name":"oisst_167.125_-47.125"},"geometry":{"type":"Polygon","coordinates":[[[166.9995,-47.2505],[166.9995,-46.9995],[167.2505,-46.9995],[167.2505,-47.2505],[166.9995,-47.2505]]]}},{"type":"Feature","id":"oisst_167.125_-47.375","properties":{"cell_id":"oisst_167.125_-47.375","id":"oisst_167.125_-47.375","name":"oisst_167.125_-47.375","Name":"oisst_167.125_-47.375"},"geometry":{"type":"Polygon","coordinates":[[[166.9995,-47.5005],[166.9995,-47.2495],[167.2505,-47.2495],[167.2505,-47.5005],[166.9995,-47.5005]]]}},{"type":"Feature","id":"oisst_167.125_-47.625","properties":{"cell_id":"oisst_167.125_-47.625","id":"oisst_167.125_-47.625","name":"oisst_167.125_-47.625","Name":"oisst_167.125_-47.625"},"geometry":{"type":"Polygon","coordinates":[[[166.9995,-47.7505],[166.9995,-47.4995],[167.2505,-47.4995],[167.2505,-47.7505],[166.9995,-47.7505]]]}},{"type":"Feature","id":"oisst_167.125_-47.875","properties":{"cell_id":"oisst_167.125_-47.875","id":"oisst_167.125_-47.875","name":"oisst_167.125_-47.875","Name":"oisst_167.125_-47.875"},"geometry":{"type":"Polygon","coordinates":[[[166.9995,-48.0005],[166.9995,-47.7495],[167.2505,-47.7495],[167.2505,-48.0005],[166.9995,-48.0005]]]}},{"type":"Feature","id":"oisst_167.375_-43.875","properties":{"cell_id":"oisst_167.375_-43.875","id":"oisst_167.375_-43.875","name":"oisst_167.375_-43.875","Name":"oisst_167.375_-43.875"},"geometry":{"type":"Polygon","coordinates":[[[167.2495,-44.0005],[167.2495,-43.7495],[167.5005,-43.7495],[167.5005,-44.0005],[167.2495,-44.0005]]]}},{"type":"Feature","id":"oisst_167.375_-44.125","properties":{"cell_id":"oisst_167.375_-44.125","id":"oisst_167.375_-44.125","name":"oisst_167.375_-44.125","Name":"oisst_167.375_-44.125"},"geometry":{"type":"Polygon","coordinates":[[[167.2495,-44.2505],[167.2495,-43.9995],[167.5005,-43.9995],[167.5005,-44.2505],[167.2495,-44.2505]]]}},{"type":"Feature","id":"oisst_167.375_-44.375","properties":{"cell_id":"oisst_167.375_-44.375","id":"oisst_167.375_-44.375","name":"oisst_167.375_-44.375","Name":"oisst_167.375_-44.375"},"geometry":{"type":"Polygon","coordinates":[[[167.2495,-44.5005],[167.2495,-44.2495],[167.5005,-44.2495],[167.5005,-44.5005],[167.2495,-44.5005]]]}},{"type":"Feature","id":"oisst_167.375_-44.625","properties":{"cell_id":"oisst_167.375_-44.625","id":"oisst_167.375_-44.625","name":"oisst_167.375_-44.625","Name":"oisst_167.375_-44.625"},"geometry":{"type":"Polygon","coordinates":[[[167.2495,-44.7505],[167.2495,-44.4995],[167.5005,-44.4995],[167.5005,-44.7505],[167.2495,-44.7505]]]}},{"type":"Feature","id":"oisst_167.375_-46.375","properties":{"cell_id":"oisst_167.375_-46.375","id":"oisst_167.375_-46.375","name":"oisst_167.375_-46.375","Name":"oisst_167.375_-46.375"},"geometry":{"type":"Polygon","coordinates":[[[167.2495,-46.5005],[167.2495,-46.2495],[167.5005,-46.2495],[167.5005,-46.5005],[167.2495,-46.5005]]]}},{"type":"Feature","id":"oisst_167.375_-46.625","properties":{"cell_id":"oisst_167.375_-46.625","id":"oisst_167.375_-46.625","name":"oisst_167.375_-46.625","Name":"oisst_167.375_-46.625"},"geometry":{"type":"Polygon","coordinates":[[[167.2495,-46.7505],[167.2495,-46.4995],[167.5005,-46.4995],[167.5005,-46.7505],[167.2495,-46.7505]]]}},{"type":"Feature","id":"oisst_167.375_-46.875","properties":{"cell_id":"oisst_167.375_-46.875","id":"oisst_167.375_-46.875","name":"oisst_167.375_-46.875","Name":"oisst_167.375_-46.875"},"geometry":{"type":"Polygon","coordinates":[[[167.2495,-47.0005],[167.2495,-46.7495],[167.5005,-46.7495],[167.5005,-47.0005],[167.2495,-47.0005]]]}},{"type":"Feature","id":"oisst_167.375_-47.125","properties":{"cell_id":"oisst_167.375_-47.125","id":"oisst_167.375_-47.125","name":"oisst_167.375_-47.125","Name":"oisst_167.375_-47.125"},"geometry":{"type":"Polygon","coordinates":[[[167.2495,-47.2505],[167.2495,-46.9995],[167.5005,-46.9995],[167.5005,-47.2505],[167.2495,-47.2505]]]}},{"type":"Feature","id":"oisst_167.375_-47.375","properties":{"cell_id":"oisst_167.375_-47.375","id":"oisst_167.375_-47.375","name":"oisst_167.375_-47.375","Name":"oisst_167.375_-47.375"},"geometry":{"type":"Polygon","coordinates":[[[167.2495,-47.5005],[167.2495,-47.2495],[167.5005,-47.2495],[167.5005,-47.5005],[167.2495,-47.5005]]]}},{"type":"Feature","id":"oisst_167.375_-47.625","properties":{"cell_id":"oisst_167.375_-47.625","id":"oisst_167.375_-47.625","name":"oisst_167.375_-47.625","Name":"oisst_167.375_-47.625"},"geometry":{"type":"Polygon","coordinates":[[[167.2495,-47.7505],[167.2495,-47.4995],[167.5005,-47.4995],[167.5005,-47.7505],[167.2495,-47.7505]]]}},{"type":"Feature","id":"oisst_167.375_-47.875","properties":{"cell_id":"oisst_167.375_-47.875","id":"oisst_167.375_-47.875","name":"oisst_167.375_-47.875","Name":"oisst_167.375_-47.875"},"geometry":{"type":"Polygon","coordinates":[[[167.2495,-48.0005],[167.2495,-47.7495],[167.5005,-47.7495],[167.5005,-48.0005],[167.2495,-48.0005]]]}},{"type":"Feature","id":"oisst_167.625_-43.625","properties":{"cell_id":"oisst_167.625_-43.625","id":"oisst_167.625_-43.625","name":"oisst_167.625_-43.625","Name":"oisst_167.625_-43.625"},"geometry":{"type":"Polygon","coordinates":[[[167.4995,-43.7505],[167.4995,-43.4995],[167.7505,-43.4995],[167.7505,-43.7505],[167.4995,-43.7505]]]}},{"type":"Feature","id":"oisst_167.625_-43.875","properties":{"cell_id":"oisst_167.625_-43.875","id":"oisst_167.625_-43.875","name":"oisst_167.625_-43.875","Name":"oisst_167.625_-43.875"},"geometry":{"type":"Polygon","coordinates":[[[167.4995,-44.0005],[167.4995,-43.7495],[167.7505,-43.7495],[167.7505,-44.0005],[167.4995,-44.0005]]]}},{"type":"Feature","id":"oisst_167.625_-44.125","properties":{"cell_id":"oisst_167.625_-44.125","id":"oisst_167.625_-44.125","name":"oisst_167.625_-44.125","Name":"oisst_167.625_-44.125"},"geometry":{"type":"Polygon","coordinates":[[[167.4995,-44.2505],[167.4995,-43.9995],[167.7505,-43.9995],[167.7505,-44.2505],[167.4995,-44.2505]]]}},{"type":"Feature","id":"oisst_167.625_-44.375","properties":{"cell_id":"oisst_167.625_-44.375","id":"oisst_167.625_-44.375","name":"oisst_167.625_-44.375","Name":"oisst_167.625_-44.375"},"geometry":{"type":"Polygon","coordinates":[[[167.4995,-44.5005],[167.4995,-44.2495],[167.7505,-44.2495],[167.7505,-44.5005],[167.4995,-44.5005]]]}},{"type":"Feature","id":"oisst_167.625_-44.625","properties":{"cell_id":"oisst_167.625_-44.625","id":"oisst_167.625_-44.625","name":"oisst_167.625_-44.625","Name":"oisst_167.625_-44.625"},"geometry":{"type":"Polygon","coordinates":[[[167.4995,-44.7505],[167.4995,-44.4995],[167.7505,-44.4995],[167.7505,-44.7505],[167.4995,-44.7505]]]}},{"type":"Feature","id":"oisst_167.625_-46.375","properties":{"cell_id":"oisst_167.625_-46.375","id":"oisst_167.625_-46.375","name":"oisst_167.625_-46.375","Name":"oisst_167.625_-46.375"},"geometry":{"type":"Polygon","coordinates":[[[167.4995,-46.5005],[167.4995,-46.2495],[167.7505,-46.2495],[167.7505,-46.5005],[167.4995,-46.5005]]]}},{"type":"Feature","id":"oisst_167.625_-46.625","properties":{"cell_id":"oisst_167.625_-46.625","id":"oisst_167.625_-46.625","name":"oisst_167.625_-46.625","Name":"oisst_167.625_-46.625"},"geometry":{"type":"Polygon","coordinates":[[[167.4995,-46.7505],[167.4995,-46.4995],[167.7505,-46.4995],[167.7505,-46.7505],[167.4995,-46.7505]]]}},{"type":"Feature","id":"oisst_167.625_-46.875","properties":{"cell_id":"oisst_167.625_-46.875","id":"oisst_167.625_-46.875","name":"oisst_167.625_-46.875","Name":"oisst_167.625_-46.875"},"geometry":{"type":"Polygon","coordinates":[[[167.4995,-47.0005],[167.4995,-46.7495],[167.7505,-46.7495],[167.7505,-47.0005],[167.4995,-47.0005]]]}},{"type":"Feature","id":"oisst_167.625_-47.375","properties":{"cell_id":"oisst_167.625_-47.375","id":"oisst_167.625_-47.375","name":"oisst_167.625_-47.375","Name":"oisst_167.625_-47.375"},"geometry":{"type":"Polygon","coordinates":[[[167.4995,-47.5005],[167.4995,-47.2495],[167.7505,-47.2495],[167.7505,-47.5005],[167.4995,-47.5005]]]}},{"type":"Feature","id":"oisst_167.625_-47.625","properties":{"cell_id":"oisst_167.625_-47.625","id":"oisst_167.625_-47.625","name":"oisst_167.625_-47.625","Name":"oisst_167.625_-47.625"},"geometry":{"type":"Polygon","coordinates":[[[167.4995,-47.7505],[167.4995,-47.4995],[167.7505,-47.4995],[167.7505,-47.7505],[167.4995,-47.7505]]]}},{"type":"Feature","id":"oisst_167.625_-47.875","properties":{"cell_id":"oisst_167.625_-47.875","id":"oisst_167.625_-47.875","name":"oisst_167.625_-47.875","Name":"oisst_167.625_-47.875"},"geometry":{"type":"Polygon","coordinates":[[[167.4995,-48.0005],[167.4995,-47.7495],[167.7505,-47.7495],[167.7505,-48.0005],[167.4995,-48.0005]]]}},{"type":"Feature","id":"oisst_167.875_-43.625","properties":{"cell_id":"oisst_167.875_-43.625","id":"oisst_167.875_-43.625","name":"oisst_167.875_-43.625","Name":"oisst_167.875_-43.625"},"geometry":{"type":"Polygon","coordinates":[[[167.7495,-43.7505],[167.7495,-43.4995],[168.0005,-43.4995],[168.0005,-43.7505],[167.7495,-43.7505]]]}},{"type":"Feature","id":"oisst_167.875_-43.875","properties":{"cell_id":"oisst_167.875_-43.875","id":"oisst_167.875_-43.875","name":"oisst_167.875_-43.875","Name":"oisst_167.875_-43.875"},"geometry":{"type":"Polygon","coordinates":[[[167.7495,-44.0005],[167.7495,-43.7495],[168.0005,-43.7495],[168.0005,-44.0005],[167.7495,-44.0005]]]}},{"type":"Feature","id":"oisst_167.875_-44.125","properties":{"cell_id":"oisst_167.875_-44.125","id":"oisst_167.875_-44.125","name":"oisst_167.875_-44.125","Name":"oisst_167.875_-44.125"},"geometry":{"type":"Polygon","coordinates":[[[167.7495,-44.2505],[167.7495,-43.9995],[168.0005,-43.9995],[168.0005,-44.2505],[167.7495,-44.2505]]]}},{"type":"Feature","id":"oisst_167.875_-44.375","properties":{"cell_id":"oisst_167.875_-44.375","id":"oisst_167.875_-44.375","name":"oisst_167.875_-44.375","Name":"oisst_167.875_-44.375"},"geometry":{"type":"Polygon","coordinates":[[[167.7495,-44.5005],[167.7495,-44.2495],[168.0005,-44.2495],[168.0005,-44.5005],[167.7495,-44.5005]]]}},{"type":"Feature","id":"oisst_167.875_-46.625","properties":{"cell_id":"oisst_167.875_-46.625","id":"oisst_167.875_-46.625","name":"oisst_167.875_-46.625","Name":"oisst_167.875_-46.625"},"geometry":{"type":"Polygon","coordinates":[[[167.7495,-46.7505],[167.7495,-46.4995],[168.0005,-46.4995],[168.0005,-46.7505],[167.7495,-46.7505]]]}},{"type":"Feature","id":"oisst_167.875_-47.375","properties":{"cell_id":"oisst_167.875_-47.375","id":"oisst_167.875_-47.375","name":"oisst_167.875_-47.375","Name":"oisst_167.875_-47.375"},"geometry":{"type":"Polygon","coordinates":[[[167.7495,-47.5005],[167.7495,-47.2495],[168.0005,-47.2495],[168.0005,-47.5005],[167.7495,-47.5005]]]}},{"type":"Feature","id":"oisst_167.875_-47.625","properties":{"cell_id":"oisst_167.875_-47.625","id":"oisst_167.875_-47.625","name":"oisst_167.875_-47.625","Name":"oisst_167.875_-47.625"},"geometry":{"type":"Polygon","coordinates":[[[167.7495,-47.7505],[167.7495,-47.4995],[168.0005,-47.4995],[168.0005,-47.7505],[167.7495,-47.7505]]]}},{"type":"Feature","id":"oisst_167.875_-47.875","properties":{"cell_id":"oisst_167.875_-47.875","id":"oisst_167.875_-47.875","name":"oisst_167.875_-47.875","Name":"oisst_167.875_-47.875"},"geometry":{"type":"Polygon","coordinates":[[[167.7495,-48.0005],[167.7495,-47.7495],[168.0005,-47.7495],[168.0005,-48.0005],[167.7495,-48.0005]]]}},{"type":"Feature","id":"oisst_168.125_-43.375","properties":{"cell_id":"oisst_168.125_-43.375","id":"oisst_168.125_-43.375","name":"oisst_168.125_-43.375","Name":"oisst_168.125_-43.375"},"geometry":{"type":"Polygon","coordinates":[[[167.9995,-43.5005],[167.9995,-43.2495],[168.2505,-43.2495],[168.2505,-43.5005],[167.9995,-43.5005]]]}},{"type":"Feature","id":"oisst_168.125_-43.625","properties":{"cell_id":"oisst_168.125_-43.625","id":"oisst_168.125_-43.625","name":"oisst_168.125_-43.625","Name":"oisst_168.125_-43.625"},"geometry":{"type":"Polygon","coordinates":[[[167.9995,-43.7505],[167.9995,-43.4995],[168.2505,-43.4995],[168.2505,-43.7505],[167.9995,-43.7505]]]}},{"type":"Feature","id":"oisst_168.125_-43.875","properties":{"cell_id":"oisst_168.125_-43.875","id":"oisst_168.125_-43.875","name":"oisst_168.125_-43.875","Name":"oisst_168.125_-43.875"},"geometry":{"type":"Polygon","coordinates":[[[167.9995,-44.0005],[167.9995,-43.7495],[168.2505,-43.7495],[168.2505,-44.0005],[167.9995,-44.0005]]]}},{"type":"Feature","id":"oisst_168.125_-44.125","properties":{"cell_id":"oisst_168.125_-44.125","id":"oisst_168.125_-44.125","name":"oisst_168.125_-44.125","Name":"oisst_168.125_-44.125"},"geometry":{"type":"Polygon","coordinates":[[[167.9995,-44.2505],[167.9995,-43.9995],[168.2505,-43.9995],[168.2505,-44.2505],[167.9995,-44.2505]]]}},{"type":"Feature","id":"oisst_168.125_-46.375","properties":{"cell_id":"oisst_168.125_-46.375","id":"oisst_168.125_-46.375","name":"oisst_168.125_-46.375","Name":"oisst_168.125_-46.375"},"geometry":{"type":"Polygon","coordinates":[[[167.9995,-46.5005],[167.9995,-46.2495],[168.2505,-46.2495],[168.2505,-46.5005],[167.9995,-46.5005]]]}},{"type":"Feature","id":"oisst_168.125_-46.625","properties":{"cell_id":"oisst_168.125_-46.625","id":"oisst_168.125_-46.625","name":"oisst_168.125_-46.625","Name":"oisst_168.125_-46.625"},"geometry":{"type":"Polygon","coordinates":[[[167.9995,-46.7505],[167.9995,-46.4995],[168.2505,-46.4995],[168.2505,-46.7505],[167.9995,-46.7505]]]}},{"type":"Feature","id":"oisst_168.125_-47.125","properties":{"cell_id":"oisst_168.125_-47.125","id":"oisst_168.125_-47.125","name":"oisst_168.125_-47.125","Name":"oisst_168.125_-47.125"},"geometry":{"type":"Polygon","coordinates":[[[167.9995,-47.2505],[167.9995,-46.9995],[168.2505,-46.9995],[168.2505,-47.2505],[167.9995,-47.2505]]]}},{"type":"Feature","id":"oisst_168.125_-47.375","properties":{"cell_id":"oisst_168.125_-47.375","id":"oisst_168.125_-47.375","name":"oisst_168.125_-47.375","Name":"oisst_168.125_-47.375"},"geometry":{"type":"Polygon","coordinates":[[[167.9995,-47.5005],[167.9995,-47.2495],[168.2505,-47.2495],[168.2505,-47.5005],[167.9995,-47.5005]]]}},{"type":"Feature","id":"oisst_168.125_-47.625","properties":{"cell_id":"oisst_168.125_-47.625","id":"oisst_168.125_-47.625","name":"oisst_168.125_-47.625","Name":"oisst_168.125_-47.625"},"geometry":{"type":"Polygon","coordinates":[[[167.9995,-47.7505],[167.9995,-47.4995],[168.2505,-47.4995],[168.2505,-47.7505],[167.9995,-47.7505]]]}},{"type":"Feature","id":"oisst_168.375_-43.375","properties":{"cell_id":"oisst_168.375_-43.375","id":"oisst_168.375_-43.375","name":"oisst_168.375_-43.375","Name":"oisst_168.375_-43.375"},"geometry":{"type":"Polygon","coordinates":[[[168.2495,-43.5005],[168.2495,-43.2495],[168.5005,-43.2495],[168.5005,-43.5005],[168.2495,-43.5005]]]}},{"type":"Feature","id":"oisst_168.375_-43.625","properties":{"cell_id":"oisst_168.375_-43.625","id":"oisst_168.375_-43.625","name":"oisst_168.375_-43.625","Name":"oisst_168.375_-43.625"},"geometry":{"type":"Polygon","coordinates":[[[168.2495,-43.7505],[168.2495,-43.4995],[168.5005,-43.4995],[168.5005,-43.7505],[168.2495,-43.7505]]]}},{"type":"Feature","id":"oisst_168.375_-43.875","properties":{"cell_id":"oisst_168.375_-43.875","id":"oisst_168.375_-43.875","name":"oisst_168.375_-43.875","Name":"oisst_168.375_-43.875"},"geometry":{"type":"Polygon","coordinates":[[[168.2495,-44.0005],[168.2495,-43.7495],[168.5005,-43.7495],[168.5005,-44.0005],[168.2495,-44.0005]]]}},{"type":"Feature","id":"oisst_168.375_-46.625","properties":{"cell_id":"oisst_168.375_-46.625","id":"oisst_168.375_-46.625","name":"oisst_168.375_-46.625","Name":"oisst_168.375_-46.625"},"geometry":{"type":"Polygon","coordinates":[[[168.2495,-46.7505],[168.2495,-46.4995],[168.5005,-46.4995],[168.5005,-46.7505],[168.2495,-46.7505]]]}},{"type":"Feature","id":"oisst_168.375_-46.875","properties":{"cell_id":"oisst_168.375_-46.875","id":"oisst_168.375_-46.875","name":"oisst_168.375_-46.875","Name":"oisst_168.375_-46.875"},"geometry":{"type":"Polygon","coordinates":[[[168.2495,-47.0005],[168.2495,-46.7495],[168.5005,-46.7495],[168.5005,-47.0005],[168.2495,-47.0005]]]}},{"type":"Feature","id":"oisst_168.375_-47.125","properties":{"cell_id":"oisst_168.375_-47.125","id":"oisst_168.375_-47.125","name":"oisst_168.375_-47.125","Name":"oisst_168.375_-47.125"},"geometry":{"type":"Polygon","coordinates":[[[168.2495,-47.2505],[168.2495,-46.9995],[168.5005,-46.9995],[168.5005,-47.2505],[168.2495,-47.2505]]]}},{"type":"Feature","id":"oisst_168.375_-47.375","properties":{"cell_id":"oisst_168.375_-47.375","id":"oisst_168.375_-47.375","name":"oisst_168.375_-47.375","Name":"oisst_168.375_-47.375"},"geometry":{"type":"Polygon","coordinates":[[[168.2495,-47.5005],[168.2495,-47.2495],[168.5005,-47.2495],[168.5005,-47.5005],[168.2495,-47.5005]]]}},{"type":"Feature","id":"oisst_168.375_-47.625","properties":{"cell_id":"oisst_168.375_-47.625","id":"oisst_168.375_-47.625","name":"oisst_168.375_-47.625","Name":"oisst_168.375_-47.625"},"geometry":{"type":"Polygon","coordinates":[[[168.2495,-47.7505],[168.2495,-47.4995],[168.5005,-47.4995],[168.5005,-47.7505],[168.2495,-47.7505]]]}},{"type":"Feature","id":"oisst_168.625_-43.375","properties":{"cell_id":"oisst_168.625_-43.375","id":"oisst_168.625_-43.375","name":"oisst_168.625_-43.375","Name":"oisst_168.625_-43.375"},"geometry":{"type":"Polygon","coordinates":[[[168.4995,-43.5005],[168.4995,-43.2495],[168.7505,-43.2495],[168.7505,-43.5005],[168.4995,-43.5005]]]}},{"type":"Feature","id":"oisst_168.625_-43.625","properties":{"cell_id":"oisst_168.625_-43.625","id":"oisst_168.625_-43.625","name":"oisst_168.625_-43.625","Name":"oisst_168.625_-43.625"},"geometry":{"type":"Polygon","coordinates":[[[168.4995,-43.7505],[168.4995,-43.4995],[168.7505,-43.4995],[168.7505,-43.7505],[168.4995,-43.7505]]]}},{"type":"Feature","id":"oisst_168.625_-43.875","properties":{"cell_id":"oisst_168.625_-43.875","id":"oisst_168.625_-43.875","name":"oisst_168.625_-43.875","Name":"oisst_168.625_-43.875"},"geometry":{"type":"Polygon","coordinates":[[[168.4995,-44.0005],[168.4995,-43.7495],[168.7505,-43.7495],[168.7505,-44.0005],[168.4995,-44.0005]]]}},{"type":"Feature","id":"oisst_168.625_-46.625","properties":{"cell_id":"oisst_168.625_-46.625","id":"oisst_168.625_-46.625","name":"oisst_168.625_-46.625","Name":"oisst_168.625_-46.625"},"geometry":{"type":"Polygon","coordinates":[[[168.4995,-46.7505],[168.4995,-46.4995],[168.7505,-46.4995],[168.7505,-46.7505],[168.4995,-46.7505]]]}},{"type":"Feature","id":"oisst_168.625_-46.875","properties":{"cell_id":"oisst_168.625_-46.875","id":"oisst_168.625_-46.875","name":"oisst_168.625_-46.875","Name":"oisst_168.625_-46.875"},"geometry":{"type":"Polygon","coordinates":[[[168.4995,-47.0005],[168.4995,-46.7495],[168.7505,-46.7495],[168.7505,-47.0005],[168.4995,-47.0005]]]}},{"type":"Feature","id":"oisst_168.625_-47.125","properties":{"cell_id":"oisst_168.625_-47.125","id":"oisst_168.625_-47.125","name":"oisst_168.625_-47.125","Name":"oisst_168.625_-47.125"},"geometry":{"type":"Polygon","coordinates":[[[168.4995,-47.2505],[168.4995,-46.9995],[168.7505,-46.9995],[168.7505,-47.2505],[168.4995,-47.2505]]]}},{"type":"Feature","id":"oisst_168.625_-47.375","properties":{"cell_id":"oisst_168.625_-47.375","id":"oisst_168.625_-47.375","name":"oisst_168.625_-47.375","Name":"oisst_168.625_-47.375"},"geometry":{"type":"Polygon","coordinates":[[[168.4995,-47.5005],[168.4995,-47.2495],[168.7505,-47.2495],[168.7505,-47.5005],[168.4995,-47.5005]]]}},{"type":"Feature","id":"oisst_168.625_-47.625","properties":{"cell_id":"oisst_168.625_-47.625","id":"oisst_168.625_-47.625","name":"oisst_168.625_-47.625","Name":"oisst_168.625_-47.625"},"geometry":{"type":"Polygon","coordinates":[[[168.4995,-47.7505],[168.4995,-47.4995],[168.7505,-47.4995],[168.7505,-47.7505],[168.4995,-47.7505]]]}},{"type":"Feature","id":"oisst_168.875_-43.125","properties":{"cell_id":"oisst_168.875_-43.125","id":"oisst_168.875_-43.125","name":"oisst_168.875_-43.125","Name":"oisst_168.875_-43.125"},"geometry":{"type":"Polygon","coordinates":[[[168.7495,-43.2505],[168.7495,-42.9995],[169.0005,-42.9995],[169.0005,-43.2505],[168.7495,-43.2505]]]}},{"type":"Feature","id":"oisst_168.875_-43.375","properties":{"cell_id":"oisst_168.875_-43.375","id":"oisst_168.875_-43.375","name":"oisst_168.875_-43.375","Name":"oisst_168.875_-43.375"},"geometry":{"type":"Polygon","coordinates":[[[168.7495,-43.5005],[168.7495,-43.2495],[169.0005,-43.2495],[169.0005,-43.5005],[168.7495,-43.5005]]]}},{"type":"Feature","id":"oisst_168.875_-43.625","properties":{"cell_id":"oisst_168.875_-43.625","id":"oisst_168.875_-43.625","name":"oisst_168.875_-43.625","Name":"oisst_168.875_-43.625"},"geometry":{"type":"Polygon","coordinates":[[[168.7495,-43.7505],[168.7495,-43.4995],[169.0005,-43.4995],[169.0005,-43.7505],[168.7495,-43.7505]]]}},{"type":"Feature","id":"oisst_168.875_-43.875","properties":{"cell_id":"oisst_168.875_-43.875","id":"oisst_168.875_-43.875","name":"oisst_168.875_-43.875","Name":"oisst_168.875_-43.875"},"geometry":{"type":"Polygon","coordinates":[[[168.7495,-44.0005],[168.7495,-43.7495],[169.0005,-43.7495],[169.0005,-44.0005],[168.7495,-44.0005]]]}},{"type":"Feature","id":"oisst_168.875_-46.875","properties":{"cell_id":"oisst_168.875_-46.875","id":"oisst_168.875_-46.875","name":"oisst_168.875_-46.875","Name":"oisst_168.875_-46.875"},"geometry":{"type":"Polygon","coordinates":[[[168.7495,-47.0005],[168.7495,-46.7495],[169.0005,-46.7495],[169.0005,-47.0005],[168.7495,-47.0005]]]}},{"type":"Feature","id":"oisst_168.875_-47.125","properties":{"cell_id":"oisst_168.875_-47.125","id":"oisst_168.875_-47.125","name":"oisst_168.875_-47.125","Name":"oisst_168.875_-47.125"},"geometry":{"type":"Polygon","coordinates":[[[168.7495,-47.2505],[168.7495,-46.9995],[169.0005,-46.9995],[169.0005,-47.2505],[168.7495,-47.2505]]]}},{"type":"Feature","id":"oisst_168.875_-47.375","properties":{"cell_id":"oisst_168.875_-47.375","id":"oisst_168.875_-47.375","name":"oisst_168.875_-47.375","Name":"oisst_168.875_-47.375"},"geometry":{"type":"Polygon","coordinates":[[[168.7495,-47.5005],[168.7495,-47.2495],[169.0005,-47.2495],[169.0005,-47.5005],[168.7495,-47.5005]]]}},{"type":"Feature","id":"oisst_169.125_-43.125","properties":{"cell_id":"oisst_169.125_-43.125","id":"oisst_169.125_-43.125","name":"oisst_169.125_-43.125","Name":"oisst_169.125_-43.125"},"geometry":{"type":"Polygon","coordinates":[[[168.9995,-43.2505],[168.9995,-42.9995],[169.2505,-42.9995],[169.2505,-43.2505],[168.9995,-43.2505]]]}},{"type":"Feature","id":"oisst_169.125_-43.375","properties":{"cell_id":"oisst_169.125_-43.375","id":"oisst_169.125_-43.375","name":"oisst_169.125_-43.375","Name":"oisst_169.125_-43.375"},"geometry":{"type":"Polygon","coordinates":[[[168.9995,-43.5005],[168.9995,-43.2495],[169.2505,-43.2495],[169.2505,-43.5005],[168.9995,-43.5005]]]}},{"type":"Feature","id":"oisst_169.125_-43.625","properties":{"cell_id":"oisst_169.125_-43.625","id":"oisst_169.125_-43.625","name":"oisst_169.125_-43.625","Name":"oisst_169.125_-43.625"},"geometry":{"type":"Polygon","coordinates":[[[168.9995,-43.7505],[168.9995,-43.4995],[169.2505,-43.4995],[169.2505,-43.7505],[168.9995,-43.7505]]]}},{"type":"Feature","id":"oisst_169.125_-46.875","properties":{"cell_id":"oisst_169.125_-46.875","id":"oisst_169.125_-46.875","name":"oisst_169.125_-46.875","Name":"oisst_169.125_-46.875"},"geometry":{"type":"Polygon","coordinates":[[[168.9995,-47.0005],[168.9995,-46.7495],[169.2505,-46.7495],[169.2505,-47.0005],[168.9995,-47.0005]]]}},{"type":"Feature","id":"oisst_169.125_-47.125","properties":{"cell_id":"oisst_169.125_-47.125","id":"oisst_169.125_-47.125","name":"oisst_169.125_-47.125","Name":"oisst_169.125_-47.125"},"geometry":{"type":"Polygon","coordinates":[[[168.9995,-47.2505],[168.9995,-46.9995],[169.2505,-46.9995],[169.2505,-47.2505],[168.9995,-47.2505]]]}},{"type":"Feature","id":"oisst_169.125_-47.375","properties":{"cell_id":"oisst_169.125_-47.375","id":"oisst_169.125_-47.375","name":"oisst_169.125_-47.375","Name":"oisst_169.125_-47.375"},"geometry":{"type":"Polygon","coordinates":[[[168.9995,-47.5005],[168.9995,-47.2495],[169.2505,-47.2495],[169.2505,-47.5005],[168.9995,-47.5005]]]}},{"type":"Feature","id":"oisst_169.375_-42.875","properties":{"cell_id":"oisst_169.375_-42.875","id":"oisst_169.375_-42.875","name":"oisst_169.375_-42.875","Name":"oisst_169.375_-42.875"},"geometry":{"type":"Polygon","coordinates":[[[169.2495,-43.0005],[169.2495,-42.7495],[169.5005,-42.7495],[169.5005,-43.0005],[169.2495,-43.0005]]]}},{"type":"Feature","id":"oisst_169.375_-43.125","properties":{"cell_id":"oisst_169.375_-43.125","id":"oisst_169.375_-43.125","name":"oisst_169.375_-43.125","Name":"oisst_169.375_-43.125"},"geometry":{"type":"Polygon","coordinates":[[[169.2495,-43.2505],[169.2495,-42.9995],[169.5005,-42.9995],[169.5005,-43.2505],[169.2495,-43.2505]]]}},{"type":"Feature","id":"oisst_169.375_-43.375","properties":{"cell_id":"oisst_169.375_-43.375","id":"oisst_169.375_-43.375","name":"oisst_169.375_-43.375","Name":"oisst_169.375_-43.375"},"geometry":{"type":"Polygon","coordinates":[[[169.2495,-43.5005],[169.2495,-43.2495],[169.5005,-43.2495],[169.5005,-43.5005],[169.2495,-43.5005]]]}},{"type":"Feature","id":"oisst_169.375_-43.625","properties":{"cell_id":"oisst_169.375_-43.625","id":"oisst_169.375_-43.625","name":"oisst_169.375_-43.625","Name":"oisst_169.375_-43.625"},"geometry":{"type":"Polygon","coordinates":[[[169.2495,-43.7505],[169.2495,-43.4995],[169.5005,-43.4995],[169.5005,-43.7505],[169.2495,-43.7505]]]}},{"type":"Feature","id":"oisst_169.375_-46.625","properties":{"cell_id":"oisst_169.375_-46.625","id":"oisst_169.375_-46.625","name":"oisst_169.375_-46.625","Name":"oisst_169.375_-46.625"},"geometry":{"type":"Polygon","coordinates":[[[169.2495,-46.7505],[169.2495,-46.4995],[169.5005,-46.4995],[169.5005,-46.7505],[169.2495,-46.7505]]]}},{"type":"Feature","id":"oisst_169.375_-46.875","properties":{"cell_id":"oisst_169.375_-46.875","id":"oisst_169.375_-46.875","name":"oisst_169.375_-46.875","Name":"oisst_169.375_-46.875"},"geometry":{"type":"Polygon","coordinates":[[[169.2495,-47.0005],[169.2495,-46.7495],[169.5005,-46.7495],[169.5005,-47.0005],[169.2495,-47.0005]]]}},{"type":"Feature","id":"oisst_169.375_-47.125","properties":{"cell_id":"oisst_169.375_-47.125","id":"oisst_169.375_-47.125","name":"oisst_169.375_-47.125","Name":"oisst_169.375_-47.125"},"geometry":{"type":"Polygon","coordinates":[[[169.2495,-47.2505],[169.2495,-46.9995],[169.5005,-46.9995],[169.5005,-47.2505],[169.2495,-47.2505]]]}},{"type":"Feature","id":"oisst_169.625_-42.625","properties":{"cell_id":"oisst_169.625_-42.625","id":"oisst_169.625_-42.625","name":"oisst_169.625_-42.625","Name":"oisst_169.625_-42.625"},"geometry":{"type":"Polygon","coordinates":[[[169.4995,-42.7505],[169.4995,-42.4995],[169.7505,-42.4995],[169.7505,-42.7505],[169.4995,-42.7505]]]}},{"type":"Feature","id":"oisst_169.625_-42.875","properties":{"cell_id":"oisst_169.625_-42.875","id":"oisst_169.625_-42.875","name":"oisst_169.625_-42.875","Name":"oisst_169.625_-42.875"},"geometry":{"type":"Polygon","coordinates":[[[169.4995,-43.0005],[169.4995,-42.7495],[169.7505,-42.7495],[169.7505,-43.0005],[169.4995,-43.0005]]]}},{"type":"Feature","id":"oisst_169.625_-43.125","properties":{"cell_id":"oisst_169.625_-43.125","id":"oisst_169.625_-43.125","name":"oisst_169.625_-43.125","Name":"oisst_169.625_-43.125"},"geometry":{"type":"Polygon","coordinates":[[[169.4995,-43.2505],[169.4995,-42.9995],[169.7505,-42.9995],[169.7505,-43.2505],[169.4995,-43.2505]]]}},{"type":"Feature","id":"oisst_169.625_-43.375","properties":{"cell_id":"oisst_169.625_-43.375","id":"oisst_169.625_-43.375","name":"oisst_169.625_-43.375","Name":"oisst_169.625_-43.375"},"geometry":{"type":"Polygon","coordinates":[[[169.4995,-43.5005],[169.4995,-43.2495],[169.7505,-43.2495],[169.7505,-43.5005],[169.4995,-43.5005]]]}},{"type":"Feature","id":"oisst_169.625_-46.625","properties":{"cell_id":"oisst_169.625_-46.625","id":"oisst_169.625_-46.625","name":"oisst_169.625_-46.625","Name":"oisst_169.625_-46.625"},"geometry":{"type":"Polygon","coordinates":[[[169.4995,-46.7505],[169.4995,-46.4995],[169.7505,-46.4995],[169.7505,-46.7505],[169.4995,-46.7505]]]}},{"type":"Feature","id":"oisst_169.625_-46.875","properties":{"cell_id":"oisst_169.625_-46.875","id":"oisst_169.625_-46.875","name":"oisst_169.625_-46.875","Name":"oisst_169.625_-46.875"},"geometry":{"type":"Polygon","coordinates":[[[169.4995,-47.0005],[169.4995,-46.7495],[169.7505,-46.7495],[169.7505,-47.0005],[169.4995,-47.0005]]]}},{"type":"Feature","id":"oisst_169.625_-47.125","properties":{"cell_id":"oisst_169.625_-47.125","id":"oisst_169.625_-47.125","name":"oisst_169.625_-47.125","Name":"oisst_169.625_-47.125"},"geometry":{"type":"Polygon","coordinates":[[[169.4995,-47.2505],[169.4995,-46.9995],[169.7505,-46.9995],[169.7505,-47.2505],[169.4995,-47.2505]]]}},{"type":"Feature","id":"oisst_169.875_-42.625","properties":{"cell_id":"oisst_169.875_-42.625","id":"oisst_169.875_-42.625","name":"oisst_169.875_-42.625","Name":"oisst_169.875_-42.625"},"geometry":{"type":"Polygon","coordinates":[[[169.7495,-42.7505],[169.7495,-42.4995],[170.0005,-42.4995],[170.0005,-42.7505],[169.7495,-42.7505]]]}},{"type":"Feature","id":"oisst_169.875_-42.875","properties":{"cell_id":"oisst_169.875_-42.875","id":"oisst_169.875_-42.875","name":"oisst_169.875_-42.875","Name":"oisst_169.875_-42.875"},"geometry":{"type":"Polygon","coordinates":[[[169.7495,-43.0005],[169.7495,-42.7495],[170.0005,-42.7495],[170.0005,-43.0005],[169.7495,-43.0005]]]}},{"type":"Feature","id":"oisst_169.875_-43.125","properties":{"cell_id":"oisst_169.875_-43.125","id":"oisst_169.875_-43.125","name":"oisst_169.875_-43.125","Name":"oisst_169.875_-43.125"},"geometry":{"type":"Polygon","coordinates":[[[169.7495,-43.2505],[169.7495,-42.9995],[170.0005,-42.9995],[170.0005,-43.2505],[169.7495,-43.2505]]]}},{"type":"Feature","id":"oisst_169.875_-43.375","properties":{"cell_id":"oisst_169.875_-43.375","id":"oisst_169.875_-43.375","name":"oisst_169.875_-43.375","Name":"oisst_169.875_-43.375"},"geometry":{"type":"Polygon","coordinates":[[[169.7495,-43.5005],[169.7495,-43.2495],[170.0005,-43.2495],[170.0005,-43.5005],[169.7495,-43.5005]]]}},{"type":"Feature","id":"oisst_169.875_-46.375","properties":{"cell_id":"oisst_169.875_-46.375","id":"oisst_169.875_-46.375","name":"oisst_169.875_-46.375","Name":"oisst_169.875_-46.375"},"geometry":{"type":"Polygon","coordinates":[[[169.7495,-46.5005],[169.7495,-46.2495],[170.0005,-46.2495],[170.0005,-46.5005],[169.7495,-46.5005]]]}},{"type":"Feature","id":"oisst_169.875_-46.625","properties":{"cell_id":"oisst_169.875_-46.625","id":"oisst_169.875_-46.625","name":"oisst_169.875_-46.625","Name":"oisst_169.875_-46.625"},"geometry":{"type":"Polygon","coordinates":[[[169.7495,-46.7505],[169.7495,-46.4995],[170.0005,-46.4995],[170.0005,-46.7505],[169.7495,-46.7505]]]}},{"type":"Feature","id":"oisst_169.875_-46.875","properties":{"cell_id":"oisst_169.875_-46.875","id":"oisst_169.875_-46.875","name":"oisst_169.875_-46.875","Name":"oisst_169.875_-46.875"},"geometry":{"type":"Polygon","coordinates":[[[169.7495,-47.0005],[169.7495,-46.7495],[170.0005,-46.7495],[170.0005,-47.0005],[169.7495,-47.0005]]]}},{"type":"Feature","id":"oisst_169.875_-47.125","properties":{"cell_id":"oisst_169.875_-47.125","id":"oisst_169.875_-47.125","name":"oisst_169.875_-47.125","Name":"oisst_169.875_-47.125"},"geometry":{"type":"Polygon","coordinates":[[[169.7495,-47.2505],[169.7495,-46.9995],[170.0005,-46.9995],[170.0005,-47.2505],[169.7495,-47.2505]]]}},{"type":"Feature","id":"oisst_170.125_-42.625","properties":{"cell_id":"oisst_170.125_-42.625","id":"oisst_170.125_-42.625","name":"oisst_170.125_-42.625","Name":"oisst_170.125_-42.625"},"geometry":{"type":"Polygon","coordinates":[[[169.9995,-42.7505],[169.9995,-42.4995],[170.2505,-42.4995],[170.2505,-42.7505],[169.9995,-42.7505]]]}},{"type":"Feature","id":"oisst_170.125_-42.875","properties":{"cell_id":"oisst_170.125_-42.875","id":"oisst_170.125_-42.875","name":"oisst_170.125_-42.875","Name":"oisst_170.125_-42.875"},"geometry":{"type":"Polygon","coordinates":[[[169.9995,-43.0005],[169.9995,-42.7495],[170.2505,-42.7495],[170.2505,-43.0005],[169.9995,-43.0005]]]}},{"type":"Feature","id":"oisst_170.125_-43.125","properties":{"cell_id":"oisst_170.125_-43.125","id":"oisst_170.125_-43.125","name":"oisst_170.125_-43.125","Name":"oisst_170.125_-43.125"},"geometry":{"type":"Polygon","coordinates":[[[169.9995,-43.2505],[169.9995,-42.9995],[170.2505,-42.9995],[170.2505,-43.2505],[169.9995,-43.2505]]]}},{"type":"Feature","id":"oisst_170.125_-46.375","properties":{"cell_id":"oisst_170.125_-46.375","id":"oisst_170.125_-46.375","name":"oisst_170.125_-46.375","Name":"oisst_170.125_-46.375"},"geometry":{"type":"Polygon","coordinates":[[[169.9995,-46.5005],[169.9995,-46.2495],[170.2505,-46.2495],[170.2505,-46.5005],[169.9995,-46.5005]]]}},{"type":"Feature","id":"oisst_170.125_-46.625","properties":{"cell_id":"oisst_170.125_-46.625","id":"oisst_170.125_-46.625","name":"oisst_170.125_-46.625","Name":"oisst_170.125_-46.625"},"geometry":{"type":"Polygon","coordinates":[[[169.9995,-46.7505],[169.9995,-46.4995],[170.2505,-46.4995],[170.2505,-46.7505],[169.9995,-46.7505]]]}},{"type":"Feature","id":"oisst_170.125_-46.875","properties":{"cell_id":"oisst_170.125_-46.875","id":"oisst_170.125_-46.875","name":"oisst_170.125_-46.875","Name":"oisst_170.125_-46.875"},"geometry":{"type":"Polygon","coordinates":[[[169.9995,-47.0005],[169.9995,-46.7495],[170.2505,-46.7495],[170.2505,-47.0005],[169.9995,-47.0005]]]}},{"type":"Feature","id":"oisst_170.125_-47.125","properties":{"cell_id":"oisst_170.125_-47.125","id":"oisst_170.125_-47.125","name":"oisst_170.125_-47.125","Name":"oisst_170.125_-47.125"},"geometry":{"type":"Polygon","coordinates":[[[169.9995,-47.2505],[169.9995,-46.9995],[170.2505,-46.9995],[170.2505,-47.2505],[169.9995,-47.2505]]]}},{"type":"Feature","id":"oisst_170.375_-42.125","properties":{"cell_id":"oisst_170.375_-42.125","id":"oisst_170.375_-42.125","name":"oisst_170.375_-42.125","Name":"oisst_170.375_-42.125"},"geometry":{"type":"Polygon","coordinates":[[[170.2495,-42.2505],[170.2495,-41.9995],[170.5005,-41.9995],[170.5005,-42.2505],[170.2495,-42.2505]]]}},{"type":"Feature","id":"oisst_170.375_-42.375","properties":{"cell_id":"oisst_170.375_-42.375","id":"oisst_170.375_-42.375","name":"oisst_170.375_-42.375","Name":"oisst_170.375_-42.375"},"geometry":{"type":"Polygon","coordinates":[[[170.2495,-42.5005],[170.2495,-42.2495],[170.5005,-42.2495],[170.5005,-42.5005],[170.2495,-42.5005]]]}},{"type":"Feature","id":"oisst_170.375_-42.625","properties":{"cell_id":"oisst_170.375_-42.625","id":"oisst_170.375_-42.625","name":"oisst_170.375_-42.625","Name":"oisst_170.375_-42.625"},"geometry":{"type":"Polygon","coordinates":[[[170.2495,-42.7505],[170.2495,-42.4995],[170.5005,-42.4995],[170.5005,-42.7505],[170.2495,-42.7505]]]}},{"type":"Feature","id":"oisst_170.375_-42.875","properties":{"cell_id":"oisst_170.375_-42.875","id":"oisst_170.375_-42.875","name":"oisst_170.375_-42.875","Name":"oisst_170.375_-42.875"},"geometry":{"type":"Polygon","coordinates":[[[170.2495,-43.0005],[170.2495,-42.7495],[170.5005,-42.7495],[170.5005,-43.0005],[170.2495,-43.0005]]]}},{"type":"Feature","id":"oisst_170.375_-46.125","properties":{"cell_id":"oisst_170.375_-46.125","id":"oisst_170.375_-46.125","name":"oisst_170.375_-46.125","Name":"oisst_170.375_-46.125"},"geometry":{"type":"Polygon","coordinates":[[[170.2495,-46.2505],[170.2495,-45.9995],[170.5005,-45.9995],[170.5005,-46.2505],[170.2495,-46.2505]]]}},{"type":"Feature","id":"oisst_170.375_-46.375","properties":{"cell_id":"oisst_170.375_-46.375","id":"oisst_170.375_-46.375","name":"oisst_170.375_-46.375","Name":"oisst_170.375_-46.375"},"geometry":{"type":"Polygon","coordinates":[[[170.2495,-46.5005],[170.2495,-46.2495],[170.5005,-46.2495],[170.5005,-46.5005],[170.2495,-46.5005]]]}},{"type":"Feature","id":"oisst_170.375_-46.625","properties":{"cell_id":"oisst_170.375_-46.625","id":"oisst_170.375_-46.625","name":"oisst_170.375_-46.625","Name":"oisst_170.375_-46.625"},"geometry":{"type":"Polygon","coordinates":[[[170.2495,-46.7505],[170.2495,-46.4995],[170.5005,-46.4995],[170.5005,-46.7505],[170.2495,-46.7505]]]}},{"type":"Feature","id":"oisst_170.375_-46.875","properties":{"cell_id":"oisst_170.375_-46.875","id":"oisst_170.375_-46.875","name":"oisst_170.375_-46.875","Name":"oisst_170.375_-46.875"},"geometry":{"type":"Polygon","coordinates":[[[170.2495,-47.0005],[170.2495,-46.7495],[170.5005,-46.7495],[170.5005,-47.0005],[170.2495,-47.0005]]]}},{"type":"Feature","id":"oisst_170.625_-41.625","properties":{"cell_id":"oisst_170.625_-41.625","id":"oisst_170.625_-41.625","name":"oisst_170.625_-41.625","Name":"oisst_170.625_-41.625"},"geometry":{"type":"Polygon","coordinates":[[[170.4995,-41.7505],[170.4995,-41.4995],[170.7505,-41.4995],[170.7505,-41.7505],[170.4995,-41.7505]]]}},{"type":"Feature","id":"oisst_170.625_-41.875","properties":{"cell_id":"oisst_170.625_-41.875","id":"oisst_170.625_-41.875","name":"oisst_170.625_-41.875","Name":"oisst_170.625_-41.875"},"geometry":{"type":"Polygon","coordinates":[[[170.4995,-42.0005],[170.4995,-41.7495],[170.7505,-41.7495],[170.7505,-42.0005],[170.4995,-42.0005]]]}},{"type":"Feature","id":"oisst_170.625_-42.125","properties":{"cell_id":"oisst_170.625_-42.125","id":"oisst_170.625_-42.125","name":"oisst_170.625_-42.125","Name":"oisst_170.625_-42.125"},"geometry":{"type":"Polygon","coordinates":[[[170.4995,-42.2505],[170.4995,-41.9995],[170.7505,-41.9995],[170.7505,-42.2505],[170.4995,-42.2505]]]}},{"type":"Feature","id":"oisst_170.625_-42.375","properties":{"cell_id":"oisst_170.625_-42.375","id":"oisst_170.625_-42.375","name":"oisst_170.625_-42.375","Name":"oisst_170.625_-42.375"},"geometry":{"type":"Polygon","coordinates":[[[170.4995,-42.5005],[170.4995,-42.2495],[170.7505,-42.2495],[170.7505,-42.5005],[170.4995,-42.5005]]]}},{"type":"Feature","id":"oisst_170.625_-42.625","properties":{"cell_id":"oisst_170.625_-42.625","id":"oisst_170.625_-42.625","name":"oisst_170.625_-42.625","Name":"oisst_170.625_-42.625"},"geometry":{"type":"Polygon","coordinates":[[[170.4995,-42.7505],[170.4995,-42.4995],[170.7505,-42.4995],[170.7505,-42.7505],[170.4995,-42.7505]]]}},{"type":"Feature","id":"oisst_170.625_-42.875","properties":{"cell_id":"oisst_170.625_-42.875","id":"oisst_170.625_-42.875","name":"oisst_170.625_-42.875","Name":"oisst_170.625_-42.875"},"geometry":{"type":"Polygon","coordinates":[[[170.4995,-43.0005],[170.4995,-42.7495],[170.7505,-42.7495],[170.7505,-43.0005],[170.4995,-43.0005]]]}},{"type":"Feature","id":"oisst_170.625_-46.125","properties":{"cell_id":"oisst_170.625_-46.125","id":"oisst_170.625_-46.125","name":"oisst_170.625_-46.125","Name":"oisst_170.625_-46.125"},"geometry":{"type":"Polygon","coordinates":[[[170.4995,-46.2505],[170.4995,-45.9995],[170.7505,-45.9995],[170.7505,-46.2505],[170.4995,-46.2505]]]}},{"type":"Feature","id":"oisst_170.625_-46.375","properties":{"cell_id":"oisst_170.625_-46.375","id":"oisst_170.625_-46.375","name":"oisst_170.625_-46.375","Name":"oisst_170.625_-46.375"},"geometry":{"type":"Polygon","coordinates":[[[170.4995,-46.5005],[170.4995,-46.2495],[170.7505,-46.2495],[170.7505,-46.5005],[170.4995,-46.5005]]]}},{"type":"Feature","id":"oisst_170.625_-46.625","properties":{"cell_id":"oisst_170.625_-46.625","id":"oisst_170.625_-46.625","name":"oisst_170.625_-46.625","Name":"oisst_170.625_-46.625"},"geometry":{"type":"Polygon","coordinates":[[[170.4995,-46.7505],[170.4995,-46.4995],[170.7505,-46.4995],[170.7505,-46.7505],[170.4995,-46.7505]]]}},{"type":"Feature","id":"oisst_170.875_-41.375","properties":{"cell_id":"oisst_170.875_-41.375","id":"oisst_170.875_-41.375","name":"oisst_170.875_-41.375","Name":"oisst_170.875_-41.375"},"geometry":{"type":"Polygon","coordinates":[[[170.7495,-41.5005],[170.7495,-41.2495],[171.0005,-41.2495],[171.0005,-41.5005],[170.7495,-41.5005]]]}},{"type":"Feature","id":"oisst_170.875_-41.625","properties":{"cell_id":"oisst_170.875_-41.625","id":"oisst_170.875_-41.625","name":"oisst_170.875_-41.625","Name":"oisst_170.875_-41.625"},"geometry":{"type":"Polygon","coordinates":[[[170.7495,-41.7505],[170.7495,-41.4995],[171.0005,-41.4995],[171.0005,-41.7505],[170.7495,-41.7505]]]}},{"type":"Feature","id":"oisst_170.875_-41.875","properties":{"cell_id":"oisst_170.875_-41.875","id":"oisst_170.875_-41.875","name":"oisst_170.875_-41.875","Name":"oisst_170.875_-41.875"},"geometry":{"type":"Polygon","coordinates":[[[170.7495,-42.0005],[170.7495,-41.7495],[171.0005,-41.7495],[171.0005,-42.0005],[170.7495,-42.0005]]]}},{"type":"Feature","id":"oisst_170.875_-42.125","properties":{"cell_id":"oisst_170.875_-42.125","id":"oisst_170.875_-42.125","name":"oisst_170.875_-42.125","Name":"oisst_170.875_-42.125"},"geometry":{"type":"Polygon","coordinates":[[[170.7495,-42.2505],[170.7495,-41.9995],[171.0005,-41.9995],[171.0005,-42.2505],[170.7495,-42.2505]]]}},{"type":"Feature","id":"oisst_170.875_-42.375","properties":{"cell_id":"oisst_170.875_-42.375","id":"oisst_170.875_-42.375","name":"oisst_170.875_-42.375","Name":"oisst_170.875_-42.375"},"geometry":{"type":"Polygon","coordinates":[[[170.7495,-42.5005],[170.7495,-42.2495],[171.0005,-42.2495],[171.0005,-42.5005],[170.7495,-42.5005]]]}},{"type":"Feature","id":"oisst_170.875_-42.625","properties":{"cell_id":"oisst_170.875_-42.625","id":"oisst_170.875_-42.625","name":"oisst_170.875_-42.625","Name":"oisst_170.875_-42.625"},"geometry":{"type":"Polygon","coordinates":[[[170.7495,-42.7505],[170.7495,-42.4995],[171.0005,-42.4995],[171.0005,-42.7505],[170.7495,-42.7505]]]}},{"type":"Feature","id":"oisst_170.875_-45.375","properties":{"cell_id":"oisst_170.875_-45.375","id":"oisst_170.875_-45.375","name":"oisst_170.875_-45.375","Name":"oisst_170.875_-45.375"},"geometry":{"type":"Polygon","coordinates":[[[170.7495,-45.5005],[170.7495,-45.2495],[171.0005,-45.2495],[171.0005,-45.5005],[170.7495,-45.5005]]]}},{"type":"Feature","id":"oisst_170.875_-45.625","properties":{"cell_id":"oisst_170.875_-45.625","id":"oisst_170.875_-45.625","name":"oisst_170.875_-45.625","Name":"oisst_170.875_-45.625"},"geometry":{"type":"Polygon","coordinates":[[[170.7495,-45.7505],[170.7495,-45.4995],[171.0005,-45.4995],[171.0005,-45.7505],[170.7495,-45.7505]]]}},{"type":"Feature","id":"oisst_170.875_-45.875","properties":{"cell_id":"oisst_170.875_-45.875","id":"oisst_170.875_-45.875","name":"oisst_170.875_-45.875","Name":"oisst_170.875_-45.875"},"geometry":{"type":"Polygon","coordinates":[[[170.7495,-46.0005],[170.7495,-45.7495],[171.0005,-45.7495],[171.0005,-46.0005],[170.7495,-46.0005]]]}},{"type":"Feature","id":"oisst_170.875_-46.125","properties":{"cell_id":"oisst_170.875_-46.125","id":"oisst_170.875_-46.125","name":"oisst_170.875_-46.125","Name":"oisst_170.875_-46.125"},"geometry":{"type":"Polygon","coordinates":[[[170.7495,-46.2505],[170.7495,-45.9995],[171.0005,-45.9995],[171.0005,-46.2505],[170.7495,-46.2505]]]}},{"type":"Feature","id":"oisst_170.875_-46.375","properties":{"cell_id":"oisst_170.875_-46.375","id":"oisst_170.875_-46.375","name":"oisst_170.875_-46.375","Name":"oisst_170.875_-46.375"},"geometry":{"type":"Polygon","coordinates":[[[170.7495,-46.5005],[170.7495,-46.2495],[171.0005,-46.2495],[171.0005,-46.5005],[170.7495,-46.5005]]]}},{"type":"Feature","id":"oisst_171.125_-41.125","properties":{"cell_id":"oisst_171.125_-41.125","id":"oisst_171.125_-41.125","name":"oisst_171.125_-41.125","Name":"oisst_171.125_-41.125"},"geometry":{"type":"Polygon","coordinates":[[[170.9995,-41.2505],[170.9995,-40.9995],[171.2505,-40.9995],[171.2505,-41.2505],[170.9995,-41.2505]]]}},{"type":"Feature","id":"oisst_171.125_-41.375","properties":{"cell_id":"oisst_171.125_-41.375","id":"oisst_171.125_-41.375","name":"oisst_171.125_-41.375","Name":"oisst_171.125_-41.375"},"geometry":{"type":"Polygon","coordinates":[[[170.9995,-41.5005],[170.9995,-41.2495],[171.2505,-41.2495],[171.2505,-41.5005],[170.9995,-41.5005]]]}},{"type":"Feature","id":"oisst_171.125_-41.625","properties":{"cell_id":"oisst_171.125_-41.625","id":"oisst_171.125_-41.625","name":"oisst_171.125_-41.625","Name":"oisst_171.125_-41.625"},"geometry":{"type":"Polygon","coordinates":[[[170.9995,-41.7505],[170.9995,-41.4995],[171.2505,-41.4995],[171.2505,-41.7505],[170.9995,-41.7505]]]}},{"type":"Feature","id":"oisst_171.125_-41.875","properties":{"cell_id":"oisst_171.125_-41.875","id":"oisst_171.125_-41.875","name":"oisst_171.125_-41.875","Name":"oisst_171.125_-41.875"},"geometry":{"type":"Polygon","coordinates":[[[170.9995,-42.0005],[170.9995,-41.7495],[171.2505,-41.7495],[171.2505,-42.0005],[170.9995,-42.0005]]]}},{"type":"Feature","id":"oisst_171.125_-42.125","properties":{"cell_id":"oisst_171.125_-42.125","id":"oisst_171.125_-42.125","name":"oisst_171.125_-42.125","Name":"oisst_171.125_-42.125"},"geometry":{"type":"Polygon","coordinates":[[[170.9995,-42.2505],[170.9995,-41.9995],[171.2505,-41.9995],[171.2505,-42.2505],[170.9995,-42.2505]]]}},{"type":"Feature","id":"oisst_171.125_-42.375","properties":{"cell_id":"oisst_171.125_-42.375","id":"oisst_171.125_-42.375","name":"oisst_171.125_-42.375","Name":"oisst_171.125_-42.375"},"geometry":{"type":"Polygon","coordinates":[[[170.9995,-42.5005],[170.9995,-42.2495],[171.2505,-42.2495],[171.2505,-42.5005],[170.9995,-42.5005]]]}},{"type":"Feature","id":"oisst_171.125_-45.125","properties":{"cell_id":"oisst_171.125_-45.125","id":"oisst_171.125_-45.125","name":"oisst_171.125_-45.125","Name":"oisst_171.125_-45.125"},"geometry":{"type":"Polygon","coordinates":[[[170.9995,-45.2505],[170.9995,-44.9995],[171.2505,-44.9995],[171.2505,-45.2505],[170.9995,-45.2505]]]}},{"type":"Feature","id":"oisst_171.125_-45.375","properties":{"cell_id":"oisst_171.125_-45.375","id":"oisst_171.125_-45.375","name":"oisst_171.125_-45.375","Name":"oisst_171.125_-45.375"},"geometry":{"type":"Polygon","coordinates":[[[170.9995,-45.5005],[170.9995,-45.2495],[171.2505,-45.2495],[171.2505,-45.5005],[170.9995,-45.5005]]]}},{"type":"Feature","id":"oisst_171.125_-45.625","properties":{"cell_id":"oisst_171.125_-45.625","id":"oisst_171.125_-45.625","name":"oisst_171.125_-45.625","Name":"oisst_171.125_-45.625"},"geometry":{"type":"Polygon","coordinates":[[[170.9995,-45.7505],[170.9995,-45.4995],[171.2505,-45.4995],[171.2505,-45.7505],[170.9995,-45.7505]]]}},{"type":"Feature","id":"oisst_171.125_-45.875","properties":{"cell_id":"oisst_171.125_-45.875","id":"oisst_171.125_-45.875","name":"oisst_171.125_-45.875","Name":"oisst_171.125_-45.875"},"geometry":{"type":"Polygon","coordinates":[[[170.9995,-46.0005],[170.9995,-45.7495],[171.2505,-45.7495],[171.2505,-46.0005],[170.9995,-46.0005]]]}},{"type":"Feature","id":"oisst_171.125_-46.125","properties":{"cell_id":"oisst_171.125_-46.125","id":"oisst_171.125_-46.125","name":"oisst_171.125_-46.125","Name":"oisst_171.125_-46.125"},"geometry":{"type":"Polygon","coordinates":[[[170.9995,-46.2505],[170.9995,-45.9995],[171.2505,-45.9995],[171.2505,-46.2505],[170.9995,-46.2505]]]}},{"type":"Feature","id":"oisst_171.125_-46.375","properties":{"cell_id":"oisst_171.125_-46.375","id":"oisst_171.125_-46.375","name":"oisst_171.125_-46.375","Name":"oisst_171.125_-46.375"},"geometry":{"type":"Polygon","coordinates":[[[170.9995,-46.5005],[170.9995,-46.2495],[171.2505,-46.2495],[171.2505,-46.5005],[170.9995,-46.5005]]]}},{"type":"Feature","id":"oisst_171.375_-33.875","properties":{"cell_id":"oisst_171.375_-33.875","id":"oisst_171.375_-33.875","name":"oisst_171.375_-33.875","Name":"oisst_171.375_-33.875"},"geometry":{"type":"Polygon","coordinates":[[[171.2495,-34.0005],[171.2495,-33.7495],[171.5005,-33.7495],[171.5005,-34.0005],[171.2495,-34.0005]]]}},{"type":"Feature","id":"oisst_171.375_-34.125","properties":{"cell_id":"oisst_171.375_-34.125","id":"oisst_171.375_-34.125","name":"oisst_171.375_-34.125","Name":"oisst_171.375_-34.125"},"geometry":{"type":"Polygon","coordinates":[[[171.2495,-34.2505],[171.2495,-33.9995],[171.5005,-33.9995],[171.5005,-34.2505],[171.2495,-34.2505]]]}},{"type":"Feature","id":"oisst_171.375_-34.375","properties":{"cell_id":"oisst_171.375_-34.375","id":"oisst_171.375_-34.375","name":"oisst_171.375_-34.375","Name":"oisst_171.375_-34.375"},"geometry":{"type":"Polygon","coordinates":[[[171.2495,-34.5005],[171.2495,-34.2495],[171.5005,-34.2495],[171.5005,-34.5005],[171.2495,-34.5005]]]}},{"type":"Feature","id":"oisst_171.375_-40.625","properties":{"cell_id":"oisst_171.375_-40.625","id":"oisst_171.375_-40.625","name":"oisst_171.375_-40.625","Name":"oisst_171.375_-40.625"},"geometry":{"type":"Polygon","coordinates":[[[171.2495,-40.7505],[171.2495,-40.4995],[171.5005,-40.4995],[171.5005,-40.7505],[171.2495,-40.7505]]]}},{"type":"Feature","id":"oisst_171.375_-40.875","properties":{"cell_id":"oisst_171.375_-40.875","id":"oisst_171.375_-40.875","name":"oisst_171.375_-40.875","Name":"oisst_171.375_-40.875"},"geometry":{"type":"Polygon","coordinates":[[[171.2495,-41.0005],[171.2495,-40.7495],[171.5005,-40.7495],[171.5005,-41.0005],[171.2495,-41.0005]]]}},{"type":"Feature","id":"oisst_171.375_-41.125","properties":{"cell_id":"oisst_171.375_-41.125","id":"oisst_171.375_-41.125","name":"oisst_171.375_-41.125","Name":"oisst_171.375_-41.125"},"geometry":{"type":"Polygon","coordinates":[[[171.2495,-41.2505],[171.2495,-40.9995],[171.5005,-40.9995],[171.5005,-41.2505],[171.2495,-41.2505]]]}},{"type":"Feature","id":"oisst_171.375_-41.375","properties":{"cell_id":"oisst_171.375_-41.375","id":"oisst_171.375_-41.375","name":"oisst_171.375_-41.375","Name":"oisst_171.375_-41.375"},"geometry":{"type":"Polygon","coordinates":[[[171.2495,-41.5005],[171.2495,-41.2495],[171.5005,-41.2495],[171.5005,-41.5005],[171.2495,-41.5005]]]}},{"type":"Feature","id":"oisst_171.375_-41.625","properties":{"cell_id":"oisst_171.375_-41.625","id":"oisst_171.375_-41.625","name":"oisst_171.375_-41.625","Name":"oisst_171.375_-41.625"},"geometry":{"type":"Polygon","coordinates":[[[171.2495,-41.7505],[171.2495,-41.4995],[171.5005,-41.4995],[171.5005,-41.7505],[171.2495,-41.7505]]]}},{"type":"Feature","id":"oisst_171.375_-41.875","properties":{"cell_id":"oisst_171.375_-41.875","id":"oisst_171.375_-41.875","name":"oisst_171.375_-41.875","Name":"oisst_171.375_-41.875"},"geometry":{"type":"Polygon","coordinates":[[[171.2495,-42.0005],[171.2495,-41.7495],[171.5005,-41.7495],[171.5005,-42.0005],[171.2495,-42.0005]]]}},{"type":"Feature","id":"oisst_171.375_-44.375","properties":{"cell_id":"oisst_171.375_-44.375","id":"oisst_171.375_-44.375","name":"oisst_171.375_-44.375","Name":"oisst_171.375_-44.375"},"geometry":{"type":"Polygon","coordinates":[[[171.2495,-44.5005],[171.2495,-44.2495],[171.5005,-44.2495],[171.5005,-44.5005],[171.2495,-44.5005]]]}},{"type":"Feature","id":"oisst_171.375_-44.625","properties":{"cell_id":"oisst_171.375_-44.625","id":"oisst_171.375_-44.625","name":"oisst_171.375_-44.625","Name":"oisst_171.375_-44.625"},"geometry":{"type":"Polygon","coordinates":[[[171.2495,-44.7505],[171.2495,-44.4995],[171.5005,-44.4995],[171.5005,-44.7505],[171.2495,-44.7505]]]}},{"type":"Feature","id":"oisst_171.375_-44.875","properties":{"cell_id":"oisst_171.375_-44.875","id":"oisst_171.375_-44.875","name":"oisst_171.375_-44.875","Name":"oisst_171.375_-44.875"},"geometry":{"type":"Polygon","coordinates":[[[171.2495,-45.0005],[171.2495,-44.7495],[171.5005,-44.7495],[171.5005,-45.0005],[171.2495,-45.0005]]]}},{"type":"Feature","id":"oisst_171.375_-45.125","properties":{"cell_id":"oisst_171.375_-45.125","id":"oisst_171.375_-45.125","name":"oisst_171.375_-45.125","Name":"oisst_171.375_-45.125"},"geometry":{"type":"Polygon","coordinates":[[[171.2495,-45.2505],[171.2495,-44.9995],[171.5005,-44.9995],[171.5005,-45.2505],[171.2495,-45.2505]]]}},{"type":"Feature","id":"oisst_171.375_-45.375","properties":{"cell_id":"oisst_171.375_-45.375","id":"oisst_171.375_-45.375","name":"oisst_171.375_-45.375","Name":"oisst_171.375_-45.375"},"geometry":{"type":"Polygon","coordinates":[[[171.2495,-45.5005],[171.2495,-45.2495],[171.5005,-45.2495],[171.5005,-45.5005],[171.2495,-45.5005]]]}},{"type":"Feature","id":"oisst_171.375_-45.625","properties":{"cell_id":"oisst_171.375_-45.625","id":"oisst_171.375_-45.625","name":"oisst_171.375_-45.625","Name":"oisst_171.375_-45.625"},"geometry":{"type":"Polygon","coordinates":[[[171.2495,-45.7505],[171.2495,-45.4995],[171.5005,-45.4995],[171.5005,-45.7505],[171.2495,-45.7505]]]}},{"type":"Feature","id":"oisst_171.375_-45.875","properties":{"cell_id":"oisst_171.375_-45.875","id":"oisst_171.375_-45.875","name":"oisst_171.375_-45.875","Name":"oisst_171.375_-45.875"},"geometry":{"type":"Polygon","coordinates":[[[171.2495,-46.0005],[171.2495,-45.7495],[171.5005,-45.7495],[171.5005,-46.0005],[171.2495,-46.0005]]]}},{"type":"Feature","id":"oisst_171.375_-46.125","properties":{"cell_id":"oisst_171.375_-46.125","id":"oisst_171.375_-46.125","name":"oisst_171.375_-46.125","Name":"oisst_171.375_-46.125"},"geometry":{"type":"Polygon","coordinates":[[[171.2495,-46.2505],[171.2495,-45.9995],[171.5005,-45.9995],[171.5005,-46.2505],[171.2495,-46.2505]]]}},{"type":"Feature","id":"oisst_171.375_-46.375","properties":{"cell_id":"oisst_171.375_-46.375","id":"oisst_171.375_-46.375","name":"oisst_171.375_-46.375","Name":"oisst_171.375_-46.375"},"geometry":{"type":"Polygon","coordinates":[[[171.2495,-46.5005],[171.2495,-46.2495],[171.5005,-46.2495],[171.5005,-46.5005],[171.2495,-46.5005]]]}},{"type":"Feature","id":"oisst_171.625_-33.625","properties":{"cell_id":"oisst_171.625_-33.625","id":"oisst_171.625_-33.625","name":"oisst_171.625_-33.625","Name":"oisst_171.625_-33.625"},"geometry":{"type":"Polygon","coordinates":[[[171.4995,-33.7505],[171.4995,-33.4995],[171.7505,-33.4995],[171.7505,-33.7505],[171.4995,-33.7505]]]}},{"type":"Feature","id":"oisst_171.625_-33.875","properties":{"cell_id":"oisst_171.625_-33.875","id":"oisst_171.625_-33.875","name":"oisst_171.625_-33.875","Name":"oisst_171.625_-33.875"},"geometry":{"type":"Polygon","coordinates":[[[171.4995,-34.0005],[171.4995,-33.7495],[171.7505,-33.7495],[171.7505,-34.0005],[171.4995,-34.0005]]]}},{"type":"Feature","id":"oisst_171.625_-34.125","properties":{"cell_id":"oisst_171.625_-34.125","id":"oisst_171.625_-34.125","name":"oisst_171.625_-34.125","Name":"oisst_171.625_-34.125"},"geometry":{"type":"Polygon","coordinates":[[[171.4995,-34.2505],[171.4995,-33.9995],[171.7505,-33.9995],[171.7505,-34.2505],[171.4995,-34.2505]]]}},{"type":"Feature","id":"oisst_171.625_-34.375","properties":{"cell_id":"oisst_171.625_-34.375","id":"oisst_171.625_-34.375","name":"oisst_171.625_-34.375","Name":"oisst_171.625_-34.375"},"geometry":{"type":"Polygon","coordinates":[[[171.4995,-34.5005],[171.4995,-34.2495],[171.7505,-34.2495],[171.7505,-34.5005],[171.4995,-34.5005]]]}},{"type":"Feature","id":"oisst_171.625_-34.625","properties":{"cell_id":"oisst_171.625_-34.625","id":"oisst_171.625_-34.625","name":"oisst_171.625_-34.625","Name":"oisst_171.625_-34.625"},"geometry":{"type":"Polygon","coordinates":[[[171.4995,-34.7505],[171.4995,-34.4995],[171.7505,-34.4995],[171.7505,-34.7505],[171.4995,-34.7505]]]}},{"type":"Feature","id":"oisst_171.625_-40.375","properties":{"cell_id":"oisst_171.625_-40.375","id":"oisst_171.625_-40.375","name":"oisst_171.625_-40.375","Name":"oisst_171.625_-40.375"},"geometry":{"type":"Polygon","coordinates":[[[171.4995,-40.5005],[171.4995,-40.2495],[171.7505,-40.2495],[171.7505,-40.5005],[171.4995,-40.5005]]]}},{"type":"Feature","id":"oisst_171.625_-40.625","properties":{"cell_id":"oisst_171.625_-40.625","id":"oisst_171.625_-40.625","name":"oisst_171.625_-40.625","Name":"oisst_171.625_-40.625"},"geometry":{"type":"Polygon","coordinates":[[[171.4995,-40.7505],[171.4995,-40.4995],[171.7505,-40.4995],[171.7505,-40.7505],[171.4995,-40.7505]]]}},{"type":"Feature","id":"oisst_171.625_-40.875","properties":{"cell_id":"oisst_171.625_-40.875","id":"oisst_171.625_-40.875","name":"oisst_171.625_-40.875","Name":"oisst_171.625_-40.875"},"geometry":{"type":"Polygon","coordinates":[[[171.4995,-41.0005],[171.4995,-40.7495],[171.7505,-40.7495],[171.7505,-41.0005],[171.4995,-41.0005]]]}},{"type":"Feature","id":"oisst_171.625_-41.125","properties":{"cell_id":"oisst_171.625_-41.125","id":"oisst_171.625_-41.125","name":"oisst_171.625_-41.125","Name":"oisst_171.625_-41.125"},"geometry":{"type":"Polygon","coordinates":[[[171.4995,-41.2505],[171.4995,-40.9995],[171.7505,-40.9995],[171.7505,-41.2505],[171.4995,-41.2505]]]}},{"type":"Feature","id":"oisst_171.625_-41.375","properties":{"cell_id":"oisst_171.625_-41.375","id":"oisst_171.625_-41.375","name":"oisst_171.625_-41.375","Name":"oisst_171.625_-41.375"},"geometry":{"type":"Polygon","coordinates":[[[171.4995,-41.5005],[171.4995,-41.2495],[171.7505,-41.2495],[171.7505,-41.5005],[171.4995,-41.5005]]]}},{"type":"Feature","id":"oisst_171.625_-41.625","properties":{"cell_id":"oisst_171.625_-41.625","id":"oisst_171.625_-41.625","name":"oisst_171.625_-41.625","Name":"oisst_171.625_-41.625"},"geometry":{"type":"Polygon","coordinates":[[[171.4995,-41.7505],[171.4995,-41.4995],[171.7505,-41.4995],[171.7505,-41.7505],[171.4995,-41.7505]]]}},{"type":"Feature","id":"oisst_171.625_-44.375","properties":{"cell_id":"oisst_171.625_-44.375","id":"oisst_171.625_-44.375","name":"oisst_171.625_-44.375","Name":"oisst_171.625_-44.375"},"geometry":{"type":"Polygon","coordinates":[[[171.4995,-44.5005],[171.4995,-44.2495],[171.7505,-44.2495],[171.7505,-44.5005],[171.4995,-44.5005]]]}},{"type":"Feature","id":"oisst_171.625_-44.625","properties":{"cell_id":"oisst_171.625_-44.625","id":"oisst_171.625_-44.625","name":"oisst_171.625_-44.625","Name":"oisst_171.625_-44.625"},"geometry":{"type":"Polygon","coordinates":[[[171.4995,-44.7505],[171.4995,-44.4995],[171.7505,-44.4995],[171.7505,-44.7505],[171.4995,-44.7505]]]}},{"type":"Feature","id":"oisst_171.625_-44.875","properties":{"cell_id":"oisst_171.625_-44.875","id":"oisst_171.625_-44.875","name":"oisst_171.625_-44.875","Name":"oisst_171.625_-44.875"},"geometry":{"type":"Polygon","coordinates":[[[171.4995,-45.0005],[171.4995,-44.7495],[171.7505,-44.7495],[171.7505,-45.0005],[171.4995,-45.0005]]]}},{"type":"Feature","id":"oisst_171.625_-45.125","properties":{"cell_id":"oisst_171.625_-45.125","id":"oisst_171.625_-45.125","name":"oisst_171.625_-45.125","Name":"oisst_171.625_-45.125"},"geometry":{"type":"Polygon","coordinates":[[[171.4995,-45.2505],[171.4995,-44.9995],[171.7505,-44.9995],[171.7505,-45.2505],[171.4995,-45.2505]]]}},{"type":"Feature","id":"oisst_171.625_-45.375","properties":{"cell_id":"oisst_171.625_-45.375","id":"oisst_171.625_-45.375","name":"oisst_171.625_-45.375","Name":"oisst_171.625_-45.375"},"geometry":{"type":"Polygon","coordinates":[[[171.4995,-45.5005],[171.4995,-45.2495],[171.7505,-45.2495],[171.7505,-45.5005],[171.4995,-45.5005]]]}},{"type":"Feature","id":"oisst_171.625_-45.625","properties":{"cell_id":"oisst_171.625_-45.625","id":"oisst_171.625_-45.625","name":"oisst_171.625_-45.625","Name":"oisst_171.625_-45.625"},"geometry":{"type":"Polygon","coordinates":[[[171.4995,-45.7505],[171.4995,-45.4995],[171.7505,-45.4995],[171.7505,-45.7505],[171.4995,-45.7505]]]}},{"type":"Feature","id":"oisst_171.625_-45.875","properties":{"cell_id":"oisst_171.625_-45.875","id":"oisst_171.625_-45.875","name":"oisst_171.625_-45.875","Name":"oisst_171.625_-45.875"},"geometry":{"type":"Polygon","coordinates":[[[171.4995,-46.0005],[171.4995,-45.7495],[171.7505,-45.7495],[171.7505,-46.0005],[171.4995,-46.0005]]]}},{"type":"Feature","id":"oisst_171.625_-46.125","properties":{"cell_id":"oisst_171.625_-46.125","id":"oisst_171.625_-46.125","name":"oisst_171.625_-46.125","Name":"oisst_171.625_-46.125"},"geometry":{"type":"Polygon","coordinates":[[[171.4995,-46.2505],[171.4995,-45.9995],[171.7505,-45.9995],[171.7505,-46.2505],[171.4995,-46.2505]]]}},{"type":"Feature","id":"oisst_171.875_-33.625","properties":{"cell_id":"oisst_171.875_-33.625","id":"oisst_171.875_-33.625","name":"oisst_171.875_-33.625","Name":"oisst_171.875_-33.625"},"geometry":{"type":"Polygon","coordinates":[[[171.7495,-33.7505],[171.7495,-33.4995],[172.0005,-33.4995],[172.0005,-33.7505],[171.7495,-33.7505]]]}},{"type":"Feature","id":"oisst_171.875_-33.875","properties":{"cell_id":"oisst_171.875_-33.875","id":"oisst_171.875_-33.875","name":"oisst_171.875_-33.875","Name":"oisst_171.875_-33.875"},"geometry":{"type":"Polygon","coordinates":[[[171.7495,-34.0005],[171.7495,-33.7495],[172.0005,-33.7495],[172.0005,-34.0005],[171.7495,-34.0005]]]}},{"type":"Feature","id":"oisst_171.875_-34.125","properties":{"cell_id":"oisst_171.875_-34.125","id":"oisst_171.875_-34.125","name":"oisst_171.875_-34.125","Name":"oisst_171.875_-34.125"},"geometry":{"type":"Polygon","coordinates":[[[171.7495,-34.2505],[171.7495,-33.9995],[172.0005,-33.9995],[172.0005,-34.2505],[171.7495,-34.2505]]]}},{"type":"Feature","id":"oisst_171.875_-34.375","properties":{"cell_id":"oisst_171.875_-34.375","id":"oisst_171.875_-34.375","name":"oisst_171.875_-34.375","Name":"oisst_171.875_-34.375"},"geometry":{"type":"Polygon","coordinates":[[[171.7495,-34.5005],[171.7495,-34.2495],[172.0005,-34.2495],[172.0005,-34.5005],[171.7495,-34.5005]]]}},{"type":"Feature","id":"oisst_171.875_-34.625","properties":{"cell_id":"oisst_171.875_-34.625","id":"oisst_171.875_-34.625","name":"oisst_171.875_-34.625","Name":"oisst_171.875_-34.625"},"geometry":{"type":"Polygon","coordinates":[[[171.7495,-34.7505],[171.7495,-34.4995],[172.0005,-34.4995],[172.0005,-34.7505],[171.7495,-34.7505]]]}},{"type":"Feature","id":"oisst_171.875_-40.125","properties":{"cell_id":"oisst_171.875_-40.125","id":"oisst_171.875_-40.125","name":"oisst_171.875_-40.125","Name":"oisst_171.875_-40.125"},"geometry":{"type":"Polygon","coordinates":[[[171.7495,-40.2505],[171.7495,-39.9995],[172.0005,-39.9995],[172.0005,-40.2505],[171.7495,-40.2505]]]}},{"type":"Feature","id":"oisst_171.875_-40.375","properties":{"cell_id":"oisst_171.875_-40.375","id":"oisst_171.875_-40.375","name":"oisst_171.875_-40.375","Name":"oisst_171.875_-40.375"},"geometry":{"type":"Polygon","coordinates":[[[171.7495,-40.5005],[171.7495,-40.2495],[172.0005,-40.2495],[172.0005,-40.5005],[171.7495,-40.5005]]]}},{"type":"Feature","id":"oisst_171.875_-40.625","properties":{"cell_id":"oisst_171.875_-40.625","id":"oisst_171.875_-40.625","name":"oisst_171.875_-40.625","Name":"oisst_171.875_-40.625"},"geometry":{"type":"Polygon","coordinates":[[[171.7495,-40.7505],[171.7495,-40.4995],[172.0005,-40.4995],[172.0005,-40.7505],[171.7495,-40.7505]]]}},{"type":"Feature","id":"oisst_171.875_-40.875","properties":{"cell_id":"oisst_171.875_-40.875","id":"oisst_171.875_-40.875","name":"oisst_171.875_-40.875","Name":"oisst_171.875_-40.875"},"geometry":{"type":"Polygon","coordinates":[[[171.7495,-41.0005],[171.7495,-40.7495],[172.0005,-40.7495],[172.0005,-41.0005],[171.7495,-41.0005]]]}},{"type":"Feature","id":"oisst_171.875_-41.125","properties":{"cell_id":"oisst_171.875_-41.125","id":"oisst_171.875_-41.125","name":"oisst_171.875_-41.125","Name":"oisst_171.875_-41.125"},"geometry":{"type":"Polygon","coordinates":[[[171.7495,-41.2505],[171.7495,-40.9995],[172.0005,-40.9995],[172.0005,-41.2505],[171.7495,-41.2505]]]}},{"type":"Feature","id":"oisst_171.875_-41.375","properties":{"cell_id":"oisst_171.875_-41.375","id":"oisst_171.875_-41.375","name":"oisst_171.875_-41.375","Name":"oisst_171.875_-41.375"},"geometry":{"type":"Polygon","coordinates":[[[171.7495,-41.5005],[171.7495,-41.2495],[172.0005,-41.2495],[172.0005,-41.5005],[171.7495,-41.5005]]]}},{"type":"Feature","id":"oisst_171.875_-44.125","properties":{"cell_id":"oisst_171.875_-44.125","id":"oisst_171.875_-44.125","name":"oisst_171.875_-44.125","Name":"oisst_171.875_-44.125"},"geometry":{"type":"Polygon","coordinates":[[[171.7495,-44.2505],[171.7495,-43.9995],[172.0005,-43.9995],[172.0005,-44.2505],[171.7495,-44.2505]]]}},{"type":"Feature","id":"oisst_171.875_-44.375","properties":{"cell_id":"oisst_171.875_-44.375","id":"oisst_171.875_-44.375","name":"oisst_171.875_-44.375","Name":"oisst_171.875_-44.375"},"geometry":{"type":"Polygon","coordinates":[[[171.7495,-44.5005],[171.7495,-44.2495],[172.0005,-44.2495],[172.0005,-44.5005],[171.7495,-44.5005]]]}},{"type":"Feature","id":"oisst_171.875_-44.625","properties":{"cell_id":"oisst_171.875_-44.625","id":"oisst_171.875_-44.625","name":"oisst_171.875_-44.625","Name":"oisst_171.875_-44.625"},"geometry":{"type":"Polygon","coordinates":[[[171.7495,-44.7505],[171.7495,-44.4995],[172.0005,-44.4995],[172.0005,-44.7505],[171.7495,-44.7505]]]}},{"type":"Feature","id":"oisst_171.875_-44.875","properties":{"cell_id":"oisst_171.875_-44.875","id":"oisst_171.875_-44.875","name":"oisst_171.875_-44.875","Name":"oisst_171.875_-44.875"},"geometry":{"type":"Polygon","coordinates":[[[171.7495,-45.0005],[171.7495,-44.7495],[172.0005,-44.7495],[172.0005,-45.0005],[171.7495,-45.0005]]]}},{"type":"Feature","id":"oisst_171.875_-45.125","properties":{"cell_id":"oisst_171.875_-45.125","id":"oisst_171.875_-45.125","name":"oisst_171.875_-45.125","Name":"oisst_171.875_-45.125"},"geometry":{"type":"Polygon","coordinates":[[[171.7495,-45.2505],[171.7495,-44.9995],[172.0005,-44.9995],[172.0005,-45.2505],[171.7495,-45.2505]]]}},{"type":"Feature","id":"oisst_171.875_-45.375","properties":{"cell_id":"oisst_171.875_-45.375","id":"oisst_171.875_-45.375","name":"oisst_171.875_-45.375","Name":"oisst_171.875_-45.375"},"geometry":{"type":"Polygon","coordinates":[[[171.7495,-45.5005],[171.7495,-45.2495],[172.0005,-45.2495],[172.0005,-45.5005],[171.7495,-45.5005]]]}},{"type":"Feature","id":"oisst_172.125_-33.625","properties":{"cell_id":"oisst_172.125_-33.625","id":"oisst_172.125_-33.625","name":"oisst_172.125_-33.625","Name":"oisst_172.125_-33.625"},"geometry":{"type":"Polygon","coordinates":[[[171.9995,-33.7505],[171.9995,-33.4995],[172.2505,-33.4995],[172.2505,-33.7505],[171.9995,-33.7505]]]}},{"type":"Feature","id":"oisst_172.125_-33.875","properties":{"cell_id":"oisst_172.125_-33.875","id":"oisst_172.125_-33.875","name":"oisst_172.125_-33.875","Name":"oisst_172.125_-33.875"},"geometry":{"type":"Polygon","coordinates":[[[171.9995,-34.0005],[171.9995,-33.7495],[172.2505,-33.7495],[172.2505,-34.0005],[171.9995,-34.0005]]]}},{"type":"Feature","id":"oisst_172.125_-34.125","properties":{"cell_id":"oisst_172.125_-34.125","id":"oisst_172.125_-34.125","name":"oisst_172.125_-34.125","Name":"oisst_172.125_-34.125"},"geometry":{"type":"Polygon","coordinates":[[[171.9995,-34.2505],[171.9995,-33.9995],[172.2505,-33.9995],[172.2505,-34.2505],[171.9995,-34.2505]]]}},{"type":"Feature","id":"oisst_172.125_-34.375","properties":{"cell_id":"oisst_172.125_-34.375","id":"oisst_172.125_-34.375","name":"oisst_172.125_-34.375","Name":"oisst_172.125_-34.375"},"geometry":{"type":"Polygon","coordinates":[[[171.9995,-34.5005],[171.9995,-34.2495],[172.2505,-34.2495],[172.2505,-34.5005],[171.9995,-34.5005]]]}},{"type":"Feature","id":"oisst_172.125_-34.625","properties":{"cell_id":"oisst_172.125_-34.625","id":"oisst_172.125_-34.625","name":"oisst_172.125_-34.625","Name":"oisst_172.125_-34.625"},"geometry":{"type":"Polygon","coordinates":[[[171.9995,-34.7505],[171.9995,-34.4995],[172.2505,-34.4995],[172.2505,-34.7505],[171.9995,-34.7505]]]}},{"type":"Feature","id":"oisst_172.125_-34.875","properties":{"cell_id":"oisst_172.125_-34.875","id":"oisst_172.125_-34.875","name":"oisst_172.125_-34.875","Name":"oisst_172.125_-34.875"},"geometry":{"type":"Polygon","coordinates":[[[171.9995,-35.0005],[171.9995,-34.7495],[172.2505,-34.7495],[172.2505,-35.0005],[171.9995,-35.0005]]]}},{"type":"Feature","id":"oisst_172.125_-40.125","properties":{"cell_id":"oisst_172.125_-40.125","id":"oisst_172.125_-40.125","name":"oisst_172.125_-40.125","Name":"oisst_172.125_-40.125"},"geometry":{"type":"Polygon","coordinates":[[[171.9995,-40.2505],[171.9995,-39.9995],[172.2505,-39.9995],[172.2505,-40.2505],[171.9995,-40.2505]]]}},{"type":"Feature","id":"oisst_172.125_-40.375","properties":{"cell_id":"oisst_172.125_-40.375","id":"oisst_172.125_-40.375","name":"oisst_172.125_-40.375","Name":"oisst_172.125_-40.375"},"geometry":{"type":"Polygon","coordinates":[[[171.9995,-40.5005],[171.9995,-40.2495],[172.2505,-40.2495],[172.2505,-40.5005],[171.9995,-40.5005]]]}},{"type":"Feature","id":"oisst_172.125_-40.625","properties":{"cell_id":"oisst_172.125_-40.625","id":"oisst_172.125_-40.625","name":"oisst_172.125_-40.625","Name":"oisst_172.125_-40.625"},"geometry":{"type":"Polygon","coordinates":[[[171.9995,-40.7505],[171.9995,-40.4995],[172.2505,-40.4995],[172.2505,-40.7505],[171.9995,-40.7505]]]}},{"type":"Feature","id":"oisst_172.125_-40.875","properties":{"cell_id":"oisst_172.125_-40.875","id":"oisst_172.125_-40.875","name":"oisst_172.125_-40.875","Name":"oisst_172.125_-40.875"},"geometry":{"type":"Polygon","coordinates":[[[171.9995,-41.0005],[171.9995,-40.7495],[172.2505,-40.7495],[172.2505,-41.0005],[171.9995,-41.0005]]]}},{"type":"Feature","id":"oisst_172.125_-44.125","properties":{"cell_id":"oisst_172.125_-44.125","id":"oisst_172.125_-44.125","name":"oisst_172.125_-44.125","Name":"oisst_172.125_-44.125"},"geometry":{"type":"Polygon","coordinates":[[[171.9995,-44.2505],[171.9995,-43.9995],[172.2505,-43.9995],[172.2505,-44.2505],[171.9995,-44.2505]]]}},{"type":"Feature","id":"oisst_172.125_-44.375","properties":{"cell_id":"oisst_172.125_-44.375","id":"oisst_172.125_-44.375","name":"oisst_172.125_-44.375","Name":"oisst_172.125_-44.375"},"geometry":{"type":"Polygon","coordinates":[[[171.9995,-44.5005],[171.9995,-44.2495],[172.2505,-44.2495],[172.2505,-44.5005],[171.9995,-44.5005]]]}},{"type":"Feature","id":"oisst_172.125_-44.625","properties":{"cell_id":"oisst_172.125_-44.625","id":"oisst_172.125_-44.625","name":"oisst_172.125_-44.625","Name":"oisst_172.125_-44.625"},"geometry":{"type":"Polygon","coordinates":[[[171.9995,-44.7505],[171.9995,-44.4995],[172.2505,-44.4995],[172.2505,-44.7505],[171.9995,-44.7505]]]}},{"type":"Feature","id":"oisst_172.375_-33.625","properties":{"cell_id":"oisst_172.375_-33.625","id":"oisst_172.375_-33.625","name":"oisst_172.375_-33.625","Name":"oisst_172.375_-33.625"},"geometry":{"type":"Polygon","coordinates":[[[172.2495,-33.7505],[172.2495,-33.4995],[172.5005,-33.4995],[172.5005,-33.7505],[172.2495,-33.7505]]]}},{"type":"Feature","id":"oisst_172.375_-33.875","properties":{"cell_id":"oisst_172.375_-33.875","id":"oisst_172.375_-33.875","name":"oisst_172.375_-33.875","Name":"oisst_172.375_-33.875"},"geometry":{"type":"Polygon","coordinates":[[[172.2495,-34.0005],[172.2495,-33.7495],[172.5005,-33.7495],[172.5005,-34.0005],[172.2495,-34.0005]]]}},{"type":"Feature","id":"oisst_172.375_-34.125","properties":{"cell_id":"oisst_172.375_-34.125","id":"oisst_172.375_-34.125","name":"oisst_172.375_-34.125","Name":"oisst_172.375_-34.125"},"geometry":{"type":"Polygon","coordinates":[[[172.2495,-34.2505],[172.2495,-33.9995],[172.5005,-33.9995],[172.5005,-34.2505],[172.2495,-34.2505]]]}},{"type":"Feature","id":"oisst_172.375_-34.375","properties":{"cell_id":"oisst_172.375_-34.375","id":"oisst_172.375_-34.375","name":"oisst_172.375_-34.375","Name":"oisst_172.375_-34.375"},"geometry":{"type":"Polygon","coordinates":[[[172.2495,-34.5005],[172.2495,-34.2495],[172.5005,-34.2495],[172.5005,-34.5005],[172.2495,-34.5005]]]}},{"type":"Feature","id":"oisst_172.375_-34.625","properties":{"cell_id":"oisst_172.375_-34.625","id":"oisst_172.375_-34.625","name":"oisst_172.375_-34.625","Name":"oisst_172.375_-34.625"},"geometry":{"type":"Polygon","coordinates":[[[172.2495,-34.7505],[172.2495,-34.4995],[172.5005,-34.4995],[172.5005,-34.7505],[172.2495,-34.7505]]]}},{"type":"Feature","id":"oisst_172.375_-34.875","properties":{"cell_id":"oisst_172.375_-34.875","id":"oisst_172.375_-34.875","name":"oisst_172.375_-34.875","Name":"oisst_172.375_-34.875"},"geometry":{"type":"Polygon","coordinates":[[[172.2495,-35.0005],[172.2495,-34.7495],[172.5005,-34.7495],[172.5005,-35.0005],[172.2495,-35.0005]]]}},{"type":"Feature","id":"oisst_172.375_-35.125","properties":{"cell_id":"oisst_172.375_-35.125","id":"oisst_172.375_-35.125","name":"oisst_172.375_-35.125","Name":"oisst_172.375_-35.125"},"geometry":{"type":"Polygon","coordinates":[[[172.2495,-35.2505],[172.2495,-34.9995],[172.5005,-34.9995],[172.5005,-35.2505],[172.2495,-35.2505]]]}},{"type":"Feature","id":"oisst_172.375_-35.375","properties":{"cell_id":"oisst_172.375_-35.375","id":"oisst_172.375_-35.375","name":"oisst_172.375_-35.375","Name":"oisst_172.375_-35.375"},"geometry":{"type":"Polygon","coordinates":[[[172.2495,-35.5005],[172.2495,-35.2495],[172.5005,-35.2495],[172.5005,-35.5005],[172.2495,-35.5005]]]}},{"type":"Feature","id":"oisst_172.375_-39.875","properties":{"cell_id":"oisst_172.375_-39.875","id":"oisst_172.375_-39.875","name":"oisst_172.375_-39.875","Name":"oisst_172.375_-39.875"},"geometry":{"type":"Polygon","coordinates":[[[172.2495,-40.0005],[172.2495,-39.7495],[172.5005,-39.7495],[172.5005,-40.0005],[172.2495,-40.0005]]]}},{"type":"Feature","id":"oisst_172.375_-40.125","properties":{"cell_id":"oisst_172.375_-40.125","id":"oisst_172.375_-40.125","name":"oisst_172.375_-40.125","Name":"oisst_172.375_-40.125"},"geometry":{"type":"Polygon","coordinates":[[[172.2495,-40.2505],[172.2495,-39.9995],[172.5005,-39.9995],[172.5005,-40.2505],[172.2495,-40.2505]]]}},{"type":"Feature","id":"oisst_172.375_-40.375","properties":{"cell_id":"oisst_172.375_-40.375","id":"oisst_172.375_-40.375","name":"oisst_172.375_-40.375","Name":"oisst_172.375_-40.375"},"geometry":{"type":"Polygon","coordinates":[[[172.2495,-40.5005],[172.2495,-40.2495],[172.5005,-40.2495],[172.5005,-40.5005],[172.2495,-40.5005]]]}},{"type":"Feature","id":"oisst_172.375_-40.625","properties":{"cell_id":"oisst_172.375_-40.625","id":"oisst_172.375_-40.625","name":"oisst_172.375_-40.625","Name":"oisst_172.375_-40.625"},"geometry":{"type":"Polygon","coordinates":[[[172.2495,-40.7505],[172.2495,-40.4995],[172.5005,-40.4995],[172.5005,-40.7505],[172.2495,-40.7505]]]}},{"type":"Feature","id":"oisst_172.375_-43.875","properties":{"cell_id":"oisst_172.375_-43.875","id":"oisst_172.375_-43.875","name":"oisst_172.375_-43.875","Name":"oisst_172.375_-43.875"},"geometry":{"type":"Polygon","coordinates":[[[172.2495,-44.0005],[172.2495,-43.7495],[172.5005,-43.7495],[172.5005,-44.0005],[172.2495,-44.0005]]]}},{"type":"Feature","id":"oisst_172.375_-44.125","properties":{"cell_id":"oisst_172.375_-44.125","id":"oisst_172.375_-44.125","name":"oisst_172.375_-44.125","Name":"oisst_172.375_-44.125"},"geometry":{"type":"Polygon","coordinates":[[[172.2495,-44.2505],[172.2495,-43.9995],[172.5005,-43.9995],[172.5005,-44.2505],[172.2495,-44.2505]]]}},{"type":"Feature","id":"oisst_172.375_-44.375","properties":{"cell_id":"oisst_172.375_-44.375","id":"oisst_172.375_-44.375","name":"oisst_172.375_-44.375","Name":"oisst_172.375_-44.375"},"geometry":{"type":"Polygon","coordinates":[[[172.2495,-44.5005],[172.2495,-44.2495],[172.5005,-44.2495],[172.5005,-44.5005],[172.2495,-44.5005]]]}},{"type":"Feature","id":"oisst_172.625_-33.625","properties":{"cell_id":"oisst_172.625_-33.625","id":"oisst_172.625_-33.625","name":"oisst_172.625_-33.625","Name":"oisst_172.625_-33.625"},"geometry":{"type":"Polygon","coordinates":[[[172.4995,-33.7505],[172.4995,-33.4995],[172.7505,-33.4995],[172.7505,-33.7505],[172.4995,-33.7505]]]}},{"type":"Feature","id":"oisst_172.625_-33.875","properties":{"cell_id":"oisst_172.625_-33.875","id":"oisst_172.625_-33.875","name":"oisst_172.625_-33.875","Name":"oisst_172.625_-33.875"},"geometry":{"type":"Polygon","coordinates":[[[172.4995,-34.0005],[172.4995,-33.7495],[172.7505,-33.7495],[172.7505,-34.0005],[172.4995,-34.0005]]]}},{"type":"Feature","id":"oisst_172.625_-34.125","properties":{"cell_id":"oisst_172.625_-34.125","id":"oisst_172.625_-34.125","name":"oisst_172.625_-34.125","Name":"oisst_172.625_-34.125"},"geometry":{"type":"Polygon","coordinates":[[[172.4995,-34.2505],[172.4995,-33.9995],[172.7505,-33.9995],[172.7505,-34.2505],[172.4995,-34.2505]]]}},{"type":"Feature","id":"oisst_172.625_-34.375","properties":{"cell_id":"oisst_172.625_-34.375","id":"oisst_172.625_-34.375","name":"oisst_172.625_-34.375","Name":"oisst_172.625_-34.375"},"geometry":{"type":"Polygon","coordinates":[[[172.4995,-34.5005],[172.4995,-34.2495],[172.7505,-34.2495],[172.7505,-34.5005],[172.4995,-34.5005]]]}},{"type":"Feature","id":"oisst_172.625_-34.625","properties":{"cell_id":"oisst_172.625_-34.625","id":"oisst_172.625_-34.625","name":"oisst_172.625_-34.625","Name":"oisst_172.625_-34.625"},"geometry":{"type":"Polygon","coordinates":[[[172.4995,-34.7505],[172.4995,-34.4995],[172.7505,-34.4995],[172.7505,-34.7505],[172.4995,-34.7505]]]}},{"type":"Feature","id":"oisst_172.625_-34.875","properties":{"cell_id":"oisst_172.625_-34.875","id":"oisst_172.625_-34.875","name":"oisst_172.625_-34.875","Name":"oisst_172.625_-34.875"},"geometry":{"type":"Polygon","coordinates":[[[172.4995,-35.0005],[172.4995,-34.7495],[172.7505,-34.7495],[172.7505,-35.0005],[172.4995,-35.0005]]]}},{"type":"Feature","id":"oisst_172.625_-35.125","properties":{"cell_id":"oisst_172.625_-35.125","id":"oisst_172.625_-35.125","name":"oisst_172.625_-35.125","Name":"oisst_172.625_-35.125"},"geometry":{"type":"Polygon","coordinates":[[[172.4995,-35.2505],[172.4995,-34.9995],[172.7505,-34.9995],[172.7505,-35.2505],[172.4995,-35.2505]]]}},{"type":"Feature","id":"oisst_172.625_-35.375","properties":{"cell_id":"oisst_172.625_-35.375","id":"oisst_172.625_-35.375","name":"oisst_172.625_-35.375","Name":"oisst_172.625_-35.375"},"geometry":{"type":"Polygon","coordinates":[[[172.4995,-35.5005],[172.4995,-35.2495],[172.7505,-35.2495],[172.7505,-35.5005],[172.4995,-35.5005]]]}},{"type":"Feature","id":"oisst_172.625_-35.625","properties":{"cell_id":"oisst_172.625_-35.625","id":"oisst_172.625_-35.625","name":"oisst_172.625_-35.625","Name":"oisst_172.625_-35.625"},"geometry":{"type":"Polygon","coordinates":[[[172.4995,-35.7505],[172.4995,-35.4995],[172.7505,-35.4995],[172.7505,-35.7505],[172.4995,-35.7505]]]}},{"type":"Feature","id":"oisst_172.625_-39.875","properties":{"cell_id":"oisst_172.625_-39.875","id":"oisst_172.625_-39.875","name":"oisst_172.625_-39.875","Name":"oisst_172.625_-39.875"},"geometry":{"type":"Polygon","coordinates":[[[172.4995,-40.0005],[172.4995,-39.7495],[172.7505,-39.7495],[172.7505,-40.0005],[172.4995,-40.0005]]]}},{"type":"Feature","id":"oisst_172.625_-40.125","properties":{"cell_id":"oisst_172.625_-40.125","id":"oisst_172.625_-40.125","name":"oisst_172.625_-40.125","Name":"oisst_172.625_-40.125"},"geometry":{"type":"Polygon","coordinates":[[[172.4995,-40.2505],[172.4995,-39.9995],[172.7505,-39.9995],[172.7505,-40.2505],[172.4995,-40.2505]]]}},{"type":"Feature","id":"oisst_172.625_-40.375","properties":{"cell_id":"oisst_172.625_-40.375","id":"oisst_172.625_-40.375","name":"oisst_172.625_-40.375","Name":"oisst_172.625_-40.375"},"geometry":{"type":"Polygon","coordinates":[[[172.4995,-40.5005],[172.4995,-40.2495],[172.7505,-40.2495],[172.7505,-40.5005],[172.4995,-40.5005]]]}},{"type":"Feature","id":"oisst_172.625_-43.875","properties":{"cell_id":"oisst_172.625_-43.875","id":"oisst_172.625_-43.875","name":"oisst_172.625_-43.875","Name":"oisst_172.625_-43.875"},"geometry":{"type":"Polygon","coordinates":[[[172.4995,-44.0005],[172.4995,-43.7495],[172.7505,-43.7495],[172.7505,-44.0005],[172.4995,-44.0005]]]}},{"type":"Feature","id":"oisst_172.625_-44.125","properties":{"cell_id":"oisst_172.625_-44.125","id":"oisst_172.625_-44.125","name":"oisst_172.625_-44.125","Name":"oisst_172.625_-44.125"},"geometry":{"type":"Polygon","coordinates":[[[172.4995,-44.2505],[172.4995,-43.9995],[172.7505,-43.9995],[172.7505,-44.2505],[172.4995,-44.2505]]]}},{"type":"Feature","id":"oisst_172.625_-44.375","properties":{"cell_id":"oisst_172.625_-44.375","id":"oisst_172.625_-44.375","name":"oisst_172.625_-44.375","Name":"oisst_172.625_-44.375"},"geometry":{"type":"Polygon","coordinates":[[[172.4995,-44.5005],[172.4995,-44.2495],[172.7505,-44.2495],[172.7505,-44.5005],[172.4995,-44.5005]]]}},{"type":"Feature","id":"oisst_172.875_-33.875","properties":{"cell_id":"oisst_172.875_-33.875","id":"oisst_172.875_-33.875","name":"oisst_172.875_-33.875","Name":"oisst_172.875_-33.875"},"geometry":{"type":"Polygon","coordinates":[[[172.7495,-34.0005],[172.7495,-33.7495],[173.0005,-33.7495],[173.0005,-34.0005],[172.7495,-34.0005]]]}},{"type":"Feature","id":"oisst_172.875_-34.125","properties":{"cell_id":"oisst_172.875_-34.125","id":"oisst_172.875_-34.125","name":"oisst_172.875_-34.125","Name":"oisst_172.875_-34.125"},"geometry":{"type":"Polygon","coordinates":[[[172.7495,-34.2505],[172.7495,-33.9995],[173.0005,-33.9995],[173.0005,-34.2505],[172.7495,-34.2505]]]}},{"type":"Feature","id":"oisst_172.875_-34.375","properties":{"cell_id":"oisst_172.875_-34.375","id":"oisst_172.875_-34.375","name":"oisst_172.875_-34.375","Name":"oisst_172.875_-34.375"},"geometry":{"type":"Polygon","coordinates":[[[172.7495,-34.5005],[172.7495,-34.2495],[173.0005,-34.2495],[173.0005,-34.5005],[172.7495,-34.5005]]]}},{"type":"Feature","id":"oisst_172.875_-34.875","properties":{"cell_id":"oisst_172.875_-34.875","id":"oisst_172.875_-34.875","name":"oisst_172.875_-34.875","Name":"oisst_172.875_-34.875"},"geometry":{"type":"Polygon","coordinates":[[[172.7495,-35.0005],[172.7495,-34.7495],[173.0005,-34.7495],[173.0005,-35.0005],[172.7495,-35.0005]]]}},{"type":"Feature","id":"oisst_172.875_-35.125","properties":{"cell_id":"oisst_172.875_-35.125","id":"oisst_172.875_-35.125","name":"oisst_172.875_-35.125","Name":"oisst_172.875_-35.125"},"geometry":{"type":"Polygon","coordinates":[[[172.7495,-35.2505],[172.7495,-34.9995],[173.0005,-34.9995],[173.0005,-35.2505],[172.7495,-35.2505]]]}},{"type":"Feature","id":"oisst_172.875_-35.375","properties":{"cell_id":"oisst_172.875_-35.375","id":"oisst_172.875_-35.375","name":"oisst_172.875_-35.375","Name":"oisst_172.875_-35.375"},"geometry":{"type":"Polygon","coordinates":[[[172.7495,-35.5005],[172.7495,-35.2495],[173.0005,-35.2495],[173.0005,-35.5005],[172.7495,-35.5005]]]}},{"type":"Feature","id":"oisst_172.875_-35.625","properties":{"cell_id":"oisst_172.875_-35.625","id":"oisst_172.875_-35.625","name":"oisst_172.875_-35.625","Name":"oisst_172.875_-35.625"},"geometry":{"type":"Polygon","coordinates":[[[172.7495,-35.7505],[172.7495,-35.4995],[173.0005,-35.4995],[173.0005,-35.7505],[172.7495,-35.7505]]]}},{"type":"Feature","id":"oisst_172.875_-35.875","properties":{"cell_id":"oisst_172.875_-35.875","id":"oisst_172.875_-35.875","name":"oisst_172.875_-35.875","Name":"oisst_172.875_-35.875"},"geometry":{"type":"Polygon","coordinates":[[[172.7495,-36.0005],[172.7495,-35.7495],[173.0005,-35.7495],[173.0005,-36.0005],[172.7495,-36.0005]]]}},{"type":"Feature","id":"oisst_172.875_-36.125","properties":{"cell_id":"oisst_172.875_-36.125","id":"oisst_172.875_-36.125","name":"oisst_172.875_-36.125","Name":"oisst_172.875_-36.125"},"geometry":{"type":"Polygon","coordinates":[[[172.7495,-36.2505],[172.7495,-35.9995],[173.0005,-35.9995],[173.0005,-36.2505],[172.7495,-36.2505]]]}},{"type":"Feature","id":"oisst_172.875_-39.875","properties":{"cell_id":"oisst_172.875_-39.875","id":"oisst_172.875_-39.875","name":"oisst_172.875_-39.875","Name":"oisst_172.875_-39.875"},"geometry":{"type":"Polygon","coordinates":[[[172.7495,-40.0005],[172.7495,-39.7495],[173.0005,-39.7495],[173.0005,-40.0005],[172.7495,-40.0005]]]}},{"type":"Feature","id":"oisst_172.875_-40.125","properties":{"cell_id":"oisst_172.875_-40.125","id":"oisst_172.875_-40.125","name":"oisst_172.875_-40.125","Name":"oisst_172.875_-40.125"},"geometry":{"type":"Polygon","coordinates":[[[172.7495,-40.2505],[172.7495,-39.9995],[173.0005,-39.9995],[173.0005,-40.2505],[172.7495,-40.2505]]]}},{"type":"Feature","id":"oisst_172.875_-40.375","properties":{"cell_id":"oisst_172.875_-40.375","id":"oisst_172.875_-40.375","name":"oisst_172.875_-40.375","Name":"oisst_172.875_-40.375"},"geometry":{"type":"Polygon","coordinates":[[[172.7495,-40.5005],[172.7495,-40.2495],[173.0005,-40.2495],[173.0005,-40.5005],[172.7495,-40.5005]]]}},{"type":"Feature","id":"oisst_172.875_-40.625","properties":{"cell_id":"oisst_172.875_-40.625","id":"oisst_172.875_-40.625","name":"oisst_172.875_-40.625","Name":"oisst_172.875_-40.625"},"geometry":{"type":"Polygon","coordinates":[[[172.7495,-40.7505],[172.7495,-40.4995],[173.0005,-40.4995],[173.0005,-40.7505],[172.7495,-40.7505]]]}},{"type":"Feature","id":"oisst_172.875_-43.125","properties":{"cell_id":"oisst_172.875_-43.125","id":"oisst_172.875_-43.125","name":"oisst_172.875_-43.125","Name":"oisst_172.875_-43.125"},"geometry":{"type":"Polygon","coordinates":[[[172.7495,-43.2505],[172.7495,-42.9995],[173.0005,-42.9995],[173.0005,-43.2505],[172.7495,-43.2505]]]}},{"type":"Feature","id":"oisst_172.875_-43.375","properties":{"cell_id":"oisst_172.875_-43.375","id":"oisst_172.875_-43.375","name":"oisst_172.875_-43.375","Name":"oisst_172.875_-43.375"},"geometry":{"type":"Polygon","coordinates":[[[172.7495,-43.5005],[172.7495,-43.2495],[173.0005,-43.2495],[173.0005,-43.5005],[172.7495,-43.5005]]]}},{"type":"Feature","id":"oisst_172.875_-44.125","properties":{"cell_id":"oisst_172.875_-44.125","id":"oisst_172.875_-44.125","name":"oisst_172.875_-44.125","Name":"oisst_172.875_-44.125"},"geometry":{"type":"Polygon","coordinates":[[[172.7495,-44.2505],[172.7495,-43.9995],[173.0005,-43.9995],[173.0005,-44.2505],[172.7495,-44.2505]]]}},{"type":"Feature","id":"oisst_172.875_-44.375","properties":{"cell_id":"oisst_172.875_-44.375","id":"oisst_172.875_-44.375","name":"oisst_172.875_-44.375","Name":"oisst_172.875_-44.375"},"geometry":{"type":"Polygon","coordinates":[[[172.7495,-44.5005],[172.7495,-44.2495],[173.0005,-44.2495],[173.0005,-44.5005],[172.7495,-44.5005]]]}},{"type":"Feature","id":"oisst_173.125_-33.875","properties":{"cell_id":"oisst_173.125_-33.875","id":"oisst_173.125_-33.875","name":"oisst_173.125_-33.875","Name":"oisst_173.125_-33.875"},"geometry":{"type":"Polygon","coordinates":[[[172.9995,-34.0005],[172.9995,-33.7495],[173.2505,-33.7495],[173.2505,-34.0005],[172.9995,-34.0005]]]}},{"type":"Feature","id":"oisst_173.125_-34.125","properties":{"cell_id":"oisst_173.125_-34.125","id":"oisst_173.125_-34.125","name":"oisst_173.125_-34.125","Name":"oisst_173.125_-34.125"},"geometry":{"type":"Polygon","coordinates":[[[172.9995,-34.2505],[172.9995,-33.9995],[173.2505,-33.9995],[173.2505,-34.2505],[172.9995,-34.2505]]]}},{"type":"Feature","id":"oisst_173.125_-34.375","properties":{"cell_id":"oisst_173.125_-34.375","id":"oisst_173.125_-34.375","name":"oisst_173.125_-34.375","Name":"oisst_173.125_-34.375"},"geometry":{"type":"Polygon","coordinates":[[[172.9995,-34.5005],[172.9995,-34.2495],[173.2505,-34.2495],[173.2505,-34.5005],[172.9995,-34.5005]]]}},{"type":"Feature","id":"oisst_173.125_-34.625","properties":{"cell_id":"oisst_173.125_-34.625","id":"oisst_173.125_-34.625","name":"oisst_173.125_-34.625","Name":"oisst_173.125_-34.625"},"geometry":{"type":"Polygon","coordinates":[[[172.9995,-34.7505],[172.9995,-34.4995],[173.2505,-34.4995],[173.2505,-34.7505],[172.9995,-34.7505]]]}},{"type":"Feature","id":"oisst_173.125_-35.125","properties":{"cell_id":"oisst_173.125_-35.125","id":"oisst_173.125_-35.125","name":"oisst_173.125_-35.125","Name":"oisst_173.125_-35.125"},"geometry":{"type":"Polygon","coordinates":[[[172.9995,-35.2505],[172.9995,-34.9995],[173.2505,-34.9995],[173.2505,-35.2505],[172.9995,-35.2505]]]}},{"type":"Feature","id":"oisst_173.125_-35.375","properties":{"cell_id":"oisst_173.125_-35.375","id":"oisst_173.125_-35.375","name":"oisst_173.125_-35.375","Name":"oisst_173.125_-35.375"},"geometry":{"type":"Polygon","coordinates":[[[172.9995,-35.5005],[172.9995,-35.2495],[173.2505,-35.2495],[173.2505,-35.5005],[172.9995,-35.5005]]]}},{"type":"Feature","id":"oisst_173.125_-35.625","properties":{"cell_id":"oisst_173.125_-35.625","id":"oisst_173.125_-35.625","name":"oisst_173.125_-35.625","Name":"oisst_173.125_-35.625"},"geometry":{"type":"Polygon","coordinates":[[[172.9995,-35.7505],[172.9995,-35.4995],[173.2505,-35.4995],[173.2505,-35.7505],[172.9995,-35.7505]]]}},{"type":"Feature","id":"oisst_173.125_-35.875","properties":{"cell_id":"oisst_173.125_-35.875","id":"oisst_173.125_-35.875","name":"oisst_173.125_-35.875","Name":"oisst_173.125_-35.875"},"geometry":{"type":"Polygon","coordinates":[[[172.9995,-36.0005],[172.9995,-35.7495],[173.2505,-35.7495],[173.2505,-36.0005],[172.9995,-36.0005]]]}},{"type":"Feature","id":"oisst_173.125_-36.125","properties":{"cell_id":"oisst_173.125_-36.125","id":"oisst_173.125_-36.125","name":"oisst_173.125_-36.125","Name":"oisst_173.125_-36.125"},"geometry":{"type":"Polygon","coordinates":[[[172.9995,-36.2505],[172.9995,-35.9995],[173.2505,-35.9995],[173.2505,-36.2505],[172.9995,-36.2505]]]}},{"type":"Feature","id":"oisst_173.125_-36.375","properties":{"cell_id":"oisst_173.125_-36.375","id":"oisst_173.125_-36.375","name":"oisst_173.125_-36.375","Name":"oisst_173.125_-36.375"},"geometry":{"type":"Polygon","coordinates":[[[172.9995,-36.5005],[172.9995,-36.2495],[173.2505,-36.2495],[173.2505,-36.5005],[172.9995,-36.5005]]]}},{"type":"Feature","id":"oisst_173.125_-38.875","properties":{"cell_id":"oisst_173.125_-38.875","id":"oisst_173.125_-38.875","name":"oisst_173.125_-38.875","Name":"oisst_173.125_-38.875"},"geometry":{"type":"Polygon","coordinates":[[[172.9995,-39.0005],[172.9995,-38.7495],[173.2505,-38.7495],[173.2505,-39.0005],[172.9995,-39.0005]]]}},{"type":"Feature","id":"oisst_173.125_-39.125","properties":{"cell_id":"oisst_173.125_-39.125","id":"oisst_173.125_-39.125","name":"oisst_173.125_-39.125","Name":"oisst_173.125_-39.125"},"geometry":{"type":"Polygon","coordinates":[[[172.9995,-39.2505],[172.9995,-38.9995],[173.2505,-38.9995],[173.2505,-39.2505],[172.9995,-39.2505]]]}},{"type":"Feature","id":"oisst_173.125_-39.375","properties":{"cell_id":"oisst_173.125_-39.375","id":"oisst_173.125_-39.375","name":"oisst_173.125_-39.375","Name":"oisst_173.125_-39.375"},"geometry":{"type":"Polygon","coordinates":[[[172.9995,-39.5005],[172.9995,-39.2495],[173.2505,-39.2495],[173.2505,-39.5005],[172.9995,-39.5005]]]}},{"type":"Feature","id":"oisst_173.125_-39.625","properties":{"cell_id":"oisst_173.125_-39.625","id":"oisst_173.125_-39.625","name":"oisst_173.125_-39.625","Name":"oisst_173.125_-39.625"},"geometry":{"type":"Polygon","coordinates":[[[172.9995,-39.7505],[172.9995,-39.4995],[173.2505,-39.4995],[173.2505,-39.7505],[172.9995,-39.7505]]]}},{"type":"Feature","id":"oisst_173.125_-39.875","properties":{"cell_id":"oisst_173.125_-39.875","id":"oisst_173.125_-39.875","name":"oisst_173.125_-39.875","Name":"oisst_173.125_-39.875"},"geometry":{"type":"Polygon","coordinates":[[[172.9995,-40.0005],[172.9995,-39.7495],[173.2505,-39.7495],[173.2505,-40.0005],[172.9995,-40.0005]]]}},{"type":"Feature","id":"oisst_173.125_-40.125","properties":{"cell_id":"oisst_173.125_-40.125","id":"oisst_173.125_-40.125","name":"oisst_173.125_-40.125","Name":"oisst_173.125_-40.125"},"geometry":{"type":"Polygon","coordinates":[[[172.9995,-40.2505],[172.9995,-39.9995],[173.2505,-39.9995],[173.2505,-40.2505],[172.9995,-40.2505]]]}},{"type":"Feature","id":"oisst_173.125_-40.375","properties":{"cell_id":"oisst_173.125_-40.375","id":"oisst_173.125_-40.375","name":"oisst_173.125_-40.375","Name":"oisst_173.125_-40.375"},"geometry":{"type":"Polygon","coordinates":[[[172.9995,-40.5005],[172.9995,-40.2495],[173.2505,-40.2495],[173.2505,-40.5005],[172.9995,-40.5005]]]}},{"type":"Feature","id":"oisst_173.125_-40.625","properties":{"cell_id":"oisst_173.125_-40.625","id":"oisst_173.125_-40.625","name":"oisst_173.125_-40.625","Name":"oisst_173.125_-40.625"},"geometry":{"type":"Polygon","coordinates":[[[172.9995,-40.7505],[172.9995,-40.4995],[173.2505,-40.4995],[173.2505,-40.7505],[172.9995,-40.7505]]]}},{"type":"Feature","id":"oisst_173.125_-40.875","properties":{"cell_id":"oisst_173.125_-40.875","id":"oisst_173.125_-40.875","name":"oisst_173.125_-40.875","Name":"oisst_173.125_-40.875"},"geometry":{"type":"Polygon","coordinates":[[[172.9995,-41.0005],[172.9995,-40.7495],[173.2505,-40.7495],[173.2505,-41.0005],[172.9995,-41.0005]]]}},{"type":"Feature","id":"oisst_173.125_-41.125","properties":{"cell_id":"oisst_173.125_-41.125","id":"oisst_173.125_-41.125","name":"oisst_173.125_-41.125","Name":"oisst_173.125_-41.125"},"geometry":{"type":"Polygon","coordinates":[[[172.9995,-41.2505],[172.9995,-40.9995],[173.2505,-40.9995],[173.2505,-41.2505],[172.9995,-41.2505]]]}},{"type":"Feature","id":"oisst_173.125_-43.125","properties":{"cell_id":"oisst_173.125_-43.125","id":"oisst_173.125_-43.125","name":"oisst_173.125_-43.125","Name":"oisst_173.125_-43.125"},"geometry":{"type":"Polygon","coordinates":[[[172.9995,-43.2505],[172.9995,-42.9995],[173.2505,-42.9995],[173.2505,-43.2505],[172.9995,-43.2505]]]}},{"type":"Feature","id":"oisst_173.125_-43.375","properties":{"cell_id":"oisst_173.125_-43.375","id":"oisst_173.125_-43.375","name":"oisst_173.125_-43.375","Name":"oisst_173.125_-43.375"},"geometry":{"type":"Polygon","coordinates":[[[172.9995,-43.5005],[172.9995,-43.2495],[173.2505,-43.2495],[173.2505,-43.5005],[172.9995,-43.5005]]]}},{"type":"Feature","id":"oisst_173.125_-43.625","properties":{"cell_id":"oisst_173.125_-43.625","id":"oisst_173.125_-43.625","name":"oisst_173.125_-43.625","Name":"oisst_173.125_-43.625"},"geometry":{"type":"Polygon","coordinates":[[[172.9995,-43.7505],[172.9995,-43.4995],[173.2505,-43.4995],[173.2505,-43.7505],[172.9995,-43.7505]]]}},{"type":"Feature","id":"oisst_173.125_-43.875","properties":{"cell_id":"oisst_173.125_-43.875","id":"oisst_173.125_-43.875","name":"oisst_173.125_-43.875","Name":"oisst_173.125_-43.875"},"geometry":{"type":"Polygon","coordinates":[[[172.9995,-44.0005],[172.9995,-43.7495],[173.2505,-43.7495],[173.2505,-44.0005],[172.9995,-44.0005]]]}},{"type":"Feature","id":"oisst_173.125_-44.125","properties":{"cell_id":"oisst_173.125_-44.125","id":"oisst_173.125_-44.125","name":"oisst_173.125_-44.125","Name":"oisst_173.125_-44.125"},"geometry":{"type":"Polygon","coordinates":[[[172.9995,-44.2505],[172.9995,-43.9995],[173.2505,-43.9995],[173.2505,-44.2505],[172.9995,-44.2505]]]}},{"type":"Feature","id":"oisst_173.125_-44.375","properties":{"cell_id":"oisst_173.125_-44.375","id":"oisst_173.125_-44.375","name":"oisst_173.125_-44.375","Name":"oisst_173.125_-44.375"},"geometry":{"type":"Polygon","coordinates":[[[172.9995,-44.5005],[172.9995,-44.2495],[173.2505,-44.2495],[173.2505,-44.5005],[172.9995,-44.5005]]]}},{"type":"Feature","id":"oisst_173.375_-33.875","properties":{"cell_id":"oisst_173.375_-33.875","id":"oisst_173.375_-33.875","name":"oisst_173.375_-33.875","Name":"oisst_173.375_-33.875"},"geometry":{"type":"Polygon","coordinates":[[[173.2495,-34.0005],[173.2495,-33.7495],[173.5005,-33.7495],[173.5005,-34.0005],[173.2495,-34.0005]]]}},{"type":"Feature","id":"oisst_173.375_-34.125","properties":{"cell_id":"oisst_173.375_-34.125","id":"oisst_173.375_-34.125","name":"oisst_173.375_-34.125","Name":"oisst_173.375_-34.125"},"geometry":{"type":"Polygon","coordinates":[[[173.2495,-34.2505],[173.2495,-33.9995],[173.5005,-33.9995],[173.5005,-34.2505],[173.2495,-34.2505]]]}},{"type":"Feature","id":"oisst_173.375_-34.375","properties":{"cell_id":"oisst_173.375_-34.375","id":"oisst_173.375_-34.375","name":"oisst_173.375_-34.375","Name":"oisst_173.375_-34.375"},"geometry":{"type":"Polygon","coordinates":[[[173.2495,-34.5005],[173.2495,-34.2495],[173.5005,-34.2495],[173.5005,-34.5005],[173.2495,-34.5005]]]}},{"type":"Feature","id":"oisst_173.375_-34.625","properties":{"cell_id":"oisst_173.375_-34.625","id":"oisst_173.375_-34.625","name":"oisst_173.375_-34.625","Name":"oisst_173.375_-34.625"},"geometry":{"type":"Polygon","coordinates":[[[173.2495,-34.7505],[173.2495,-34.4995],[173.5005,-34.4995],[173.5005,-34.7505],[173.2495,-34.7505]]]}},{"type":"Feature","id":"oisst_173.375_-35.625","properties":{"cell_id":"oisst_173.375_-35.625","id":"oisst_173.375_-35.625","name":"oisst_173.375_-35.625","Name":"oisst_173.375_-35.625"},"geometry":{"type":"Polygon","coordinates":[[[173.2495,-35.7505],[173.2495,-35.4995],[173.5005,-35.4995],[173.5005,-35.7505],[173.2495,-35.7505]]]}},{"type":"Feature","id":"oisst_173.375_-35.875","properties":{"cell_id":"oisst_173.375_-35.875","id":"oisst_173.375_-35.875","name":"oisst_173.375_-35.875","Name":"oisst_173.375_-35.875"},"geometry":{"type":"Polygon","coordinates":[[[173.2495,-36.0005],[173.2495,-35.7495],[173.5005,-35.7495],[173.5005,-36.0005],[173.2495,-36.0005]]]}},{"type":"Feature","id":"oisst_173.375_-36.125","properties":{"cell_id":"oisst_173.375_-36.125","id":"oisst_173.375_-36.125","name":"oisst_173.375_-36.125","Name":"oisst_173.375_-36.125"},"geometry":{"type":"Polygon","coordinates":[[[173.2495,-36.2505],[173.2495,-35.9995],[173.5005,-35.9995],[173.5005,-36.2505],[173.2495,-36.2505]]]}},{"type":"Feature","id":"oisst_173.375_-36.375","properties":{"cell_id":"oisst_173.375_-36.375","id":"oisst_173.375_-36.375","name":"oisst_173.375_-36.375","Name":"oisst_173.375_-36.375"},"geometry":{"type":"Polygon","coordinates":[[[173.2495,-36.5005],[173.2495,-36.2495],[173.5005,-36.2495],[173.5005,-36.5005],[173.2495,-36.5005]]]}},{"type":"Feature","id":"oisst_173.375_-36.625","properties":{"cell_id":"oisst_173.375_-36.625","id":"oisst_173.375_-36.625","name":"oisst_173.375_-36.625","Name":"oisst_173.375_-36.625"},"geometry":{"type":"Polygon","coordinates":[[[173.2495,-36.7505],[173.2495,-36.4995],[173.5005,-36.4995],[173.5005,-36.7505],[173.2495,-36.7505]]]}},{"type":"Feature","id":"oisst_173.375_-38.625","properties":{"cell_id":"oisst_173.375_-38.625","id":"oisst_173.375_-38.625","name":"oisst_173.375_-38.625","Name":"oisst_173.375_-38.625"},"geometry":{"type":"Polygon","coordinates":[[[173.2495,-38.7505],[173.2495,-38.4995],[173.5005,-38.4995],[173.5005,-38.7505],[173.2495,-38.7505]]]}},{"type":"Feature","id":"oisst_173.375_-38.875","properties":{"cell_id":"oisst_173.375_-38.875","id":"oisst_173.375_-38.875","name":"oisst_173.375_-38.875","Name":"oisst_173.375_-38.875"},"geometry":{"type":"Polygon","coordinates":[[[173.2495,-39.0005],[173.2495,-38.7495],[173.5005,-38.7495],[173.5005,-39.0005],[173.2495,-39.0005]]]}},{"type":"Feature","id":"oisst_173.375_-39.125","properties":{"cell_id":"oisst_173.375_-39.125","id":"oisst_173.375_-39.125","name":"oisst_173.375_-39.125","Name":"oisst_173.375_-39.125"},"geometry":{"type":"Polygon","coordinates":[[[173.2495,-39.2505],[173.2495,-38.9995],[173.5005,-38.9995],[173.5005,-39.2505],[173.2495,-39.2505]]]}},{"type":"Feature","id":"oisst_173.375_-39.375","properties":{"cell_id":"oisst_173.375_-39.375","id":"oisst_173.375_-39.375","name":"oisst_173.375_-39.375","Name":"oisst_173.375_-39.375"},"geometry":{"type":"Polygon","coordinates":[[[173.2495,-39.5005],[173.2495,-39.2495],[173.5005,-39.2495],[173.5005,-39.5005],[173.2495,-39.5005]]]}},{"type":"Feature","id":"oisst_173.375_-39.625","properties":{"cell_id":"oisst_173.375_-39.625","id":"oisst_173.375_-39.625","name":"oisst_173.375_-39.625","Name":"oisst_173.375_-39.625"},"geometry":{"type":"Polygon","coordinates":[[[173.2495,-39.7505],[173.2495,-39.4995],[173.5005,-39.4995],[173.5005,-39.7505],[173.2495,-39.7505]]]}},{"type":"Feature","id":"oisst_173.375_-39.875","properties":{"cell_id":"oisst_173.375_-39.875","id":"oisst_173.375_-39.875","name":"oisst_173.375_-39.875","Name":"oisst_173.375_-39.875"},"geometry":{"type":"Polygon","coordinates":[[[173.2495,-40.0005],[173.2495,-39.7495],[173.5005,-39.7495],[173.5005,-40.0005],[173.2495,-40.0005]]]}},{"type":"Feature","id":"oisst_173.375_-40.125","properties":{"cell_id":"oisst_173.375_-40.125","id":"oisst_173.375_-40.125","name":"oisst_173.375_-40.125","Name":"oisst_173.375_-40.125"},"geometry":{"type":"Polygon","coordinates":[[[173.2495,-40.2505],[173.2495,-39.9995],[173.5005,-39.9995],[173.5005,-40.2505],[173.2495,-40.2505]]]}},{"type":"Feature","id":"oisst_173.375_-40.375","properties":{"cell_id":"oisst_173.375_-40.375","id":"oisst_173.375_-40.375","name":"oisst_173.375_-40.375","Name":"oisst_173.375_-40.375"},"geometry":{"type":"Polygon","coordinates":[[[173.2495,-40.5005],[173.2495,-40.2495],[173.5005,-40.2495],[173.5005,-40.5005],[173.2495,-40.5005]]]}},{"type":"Feature","id":"oisst_173.375_-40.625","properties":{"cell_id":"oisst_173.375_-40.625","id":"oisst_173.375_-40.625","name":"oisst_173.375_-40.625","Name":"oisst_173.375_-40.625"},"geometry":{"type":"Polygon","coordinates":[[[173.2495,-40.7505],[173.2495,-40.4995],[173.5005,-40.4995],[173.5005,-40.7505],[173.2495,-40.7505]]]}},{"type":"Feature","id":"oisst_173.375_-40.875","properties":{"cell_id":"oisst_173.375_-40.875","id":"oisst_173.375_-40.875","name":"oisst_173.375_-40.875","Name":"oisst_173.375_-40.875"},"geometry":{"type":"Polygon","coordinates":[[[173.2495,-41.0005],[173.2495,-40.7495],[173.5005,-40.7495],[173.5005,-41.0005],[173.2495,-41.0005]]]}},{"type":"Feature","id":"oisst_173.375_-41.125","properties":{"cell_id":"oisst_173.375_-41.125","id":"oisst_173.375_-41.125","name":"oisst_173.375_-41.125","Name":"oisst_173.375_-41.125"},"geometry":{"type":"Polygon","coordinates":[[[173.2495,-41.2505],[173.2495,-40.9995],[173.5005,-40.9995],[173.5005,-41.2505],[173.2495,-41.2505]]]}},{"type":"Feature","id":"oisst_173.375_-42.875","properties":{"cell_id":"oisst_173.375_-42.875","id":"oisst_173.375_-42.875","name":"oisst_173.375_-42.875","Name":"oisst_173.375_-42.875"},"geometry":{"type":"Polygon","coordinates":[[[173.2495,-43.0005],[173.2495,-42.7495],[173.5005,-42.7495],[173.5005,-43.0005],[173.2495,-43.0005]]]}},{"type":"Feature","id":"oisst_173.375_-43.125","properties":{"cell_id":"oisst_173.375_-43.125","id":"oisst_173.375_-43.125","name":"oisst_173.375_-43.125","Name":"oisst_173.375_-43.125"},"geometry":{"type":"Polygon","coordinates":[[[173.2495,-43.2505],[173.2495,-42.9995],[173.5005,-42.9995],[173.5005,-43.2505],[173.2495,-43.2505]]]}},{"type":"Feature","id":"oisst_173.375_-43.375","properties":{"cell_id":"oisst_173.375_-43.375","id":"oisst_173.375_-43.375","name":"oisst_173.375_-43.375","Name":"oisst_173.375_-43.375"},"geometry":{"type":"Polygon","coordinates":[[[173.2495,-43.5005],[173.2495,-43.2495],[173.5005,-43.2495],[173.5005,-43.5005],[173.2495,-43.5005]]]}},{"type":"Feature","id":"oisst_173.375_-43.625","properties":{"cell_id":"oisst_173.375_-43.625","id":"oisst_173.375_-43.625","name":"oisst_173.375_-43.625","Name":"oisst_173.375_-43.625"},"geometry":{"type":"Polygon","coordinates":[[[173.2495,-43.7505],[173.2495,-43.4995],[173.5005,-43.4995],[173.5005,-43.7505],[173.2495,-43.7505]]]}},{"type":"Feature","id":"oisst_173.375_-43.875","properties":{"cell_id":"oisst_173.375_-43.875","id":"oisst_173.375_-43.875","name":"oisst_173.375_-43.875","Name":"oisst_173.375_-43.875"},"geometry":{"type":"Polygon","coordinates":[[[173.2495,-44.0005],[173.2495,-43.7495],[173.5005,-43.7495],[173.5005,-44.0005],[173.2495,-44.0005]]]}},{"type":"Feature","id":"oisst_173.375_-44.125","properties":{"cell_id":"oisst_173.375_-44.125","id":"oisst_173.375_-44.125","name":"oisst_173.375_-44.125","Name":"oisst_173.375_-44.125"},"geometry":{"type":"Polygon","coordinates":[[[173.2495,-44.2505],[173.2495,-43.9995],[173.5005,-43.9995],[173.5005,-44.2505],[173.2495,-44.2505]]]}},{"type":"Feature","id":"oisst_173.375_-44.375","properties":{"cell_id":"oisst_173.375_-44.375","id":"oisst_173.375_-44.375","name":"oisst_173.375_-44.375","Name":"oisst_173.375_-44.375"},"geometry":{"type":"Polygon","coordinates":[[[173.2495,-44.5005],[173.2495,-44.2495],[173.5005,-44.2495],[173.5005,-44.5005],[173.2495,-44.5005]]]}},{"type":"Feature","id":"oisst_173.625_-34.125","properties":{"cell_id":"oisst_173.625_-34.125","id":"oisst_173.625_-34.125","name":"oisst_173.625_-34.125","Name":"oisst_173.625_-34.125"},"geometry":{"type":"Polygon","coordinates":[[[173.4995,-34.2505],[173.4995,-33.9995],[173.7505,-33.9995],[173.7505,-34.2505],[173.4995,-34.2505]]]}},{"type":"Feature","id":"oisst_173.625_-34.375","properties":{"cell_id":"oisst_173.625_-34.375","id":"oisst_173.625_-34.375","name":"oisst_173.625_-34.375","Name":"oisst_173.625_-34.375"},"geometry":{"type":"Polygon","coordinates":[[[173.4995,-34.5005],[173.4995,-34.2495],[173.7505,-34.2495],[173.7505,-34.5005],[173.4995,-34.5005]]]}},{"type":"Feature","id":"oisst_173.625_-34.625","properties":{"cell_id":"oisst_173.625_-34.625","id":"oisst_173.625_-34.625","name":"oisst_173.625_-34.625","Name":"oisst_173.625_-34.625"},"geometry":{"type":"Polygon","coordinates":[[[173.4995,-34.7505],[173.4995,-34.4995],[173.7505,-34.4995],[173.7505,-34.7505],[173.4995,-34.7505]]]}},{"type":"Feature","id":"oisst_173.625_-34.875","properties":{"cell_id":"oisst_173.625_-34.875","id":"oisst_173.625_-34.875","name":"oisst_173.625_-34.875","Name":"oisst_173.625_-34.875"},"geometry":{"type":"Polygon","coordinates":[[[173.4995,-35.0005],[173.4995,-34.7495],[173.7505,-34.7495],[173.7505,-35.0005],[173.4995,-35.0005]]]}},{"type":"Feature","id":"oisst_173.625_-35.875","properties":{"cell_id":"oisst_173.625_-35.875","id":"oisst_173.625_-35.875","name":"oisst_173.625_-35.875","Name":"oisst_173.625_-35.875"},"geometry":{"type":"Polygon","coordinates":[[[173.4995,-36.0005],[173.4995,-35.7495],[173.7505,-35.7495],[173.7505,-36.0005],[173.4995,-36.0005]]]}},{"type":"Feature","id":"oisst_173.625_-36.125","properties":{"cell_id":"oisst_173.625_-36.125","id":"oisst_173.625_-36.125","name":"oisst_173.625_-36.125","Name":"oisst_173.625_-36.125"},"geometry":{"type":"Polygon","coordinates":[[[173.4995,-36.2505],[173.4995,-35.9995],[173.7505,-35.9995],[173.7505,-36.2505],[173.4995,-36.2505]]]}},{"type":"Feature","id":"oisst_173.625_-36.375","properties":{"cell_id":"oisst_173.625_-36.375","id":"oisst_173.625_-36.375","name":"oisst_173.625_-36.375","Name":"oisst_173.625_-36.375"},"geometry":{"type":"Polygon","coordinates":[[[173.4995,-36.5005],[173.4995,-36.2495],[173.7505,-36.2495],[173.7505,-36.5005],[173.4995,-36.5005]]]}},{"type":"Feature","id":"oisst_173.625_-36.625","properties":{"cell_id":"oisst_173.625_-36.625","id":"oisst_173.625_-36.625","name":"oisst_173.625_-36.625","Name":"oisst_173.625_-36.625"},"geometry":{"type":"Polygon","coordinates":[[[173.4995,-36.7505],[173.4995,-36.4995],[173.7505,-36.4995],[173.7505,-36.7505],[173.4995,-36.7505]]]}},{"type":"Feature","id":"oisst_173.625_-36.875","properties":{"cell_id":"oisst_173.625_-36.875","id":"oisst_173.625_-36.875","name":"oisst_173.625_-36.875","Name":"oisst_173.625_-36.875"},"geometry":{"type":"Polygon","coordinates":[[[173.4995,-37.0005],[173.4995,-36.7495],[173.7505,-36.7495],[173.7505,-37.0005],[173.4995,-37.0005]]]}},{"type":"Feature","id":"oisst_173.625_-38.625","properties":{"cell_id":"oisst_173.625_-38.625","id":"oisst_173.625_-38.625","name":"oisst_173.625_-38.625","Name":"oisst_173.625_-38.625"},"geometry":{"type":"Polygon","coordinates":[[[173.4995,-38.7505],[173.4995,-38.4995],[173.7505,-38.4995],[173.7505,-38.7505],[173.4995,-38.7505]]]}},{"type":"Feature","id":"oisst_173.625_-38.875","properties":{"cell_id":"oisst_173.625_-38.875","id":"oisst_173.625_-38.875","name":"oisst_173.625_-38.875","Name":"oisst_173.625_-38.875"},"geometry":{"type":"Polygon","coordinates":[[[173.4995,-39.0005],[173.4995,-38.7495],[173.7505,-38.7495],[173.7505,-39.0005],[173.4995,-39.0005]]]}},{"type":"Feature","id":"oisst_173.625_-39.125","properties":{"cell_id":"oisst_173.625_-39.125","id":"oisst_173.625_-39.125","name":"oisst_173.625_-39.125","Name":"oisst_173.625_-39.125"},"geometry":{"type":"Polygon","coordinates":[[[173.4995,-39.2505],[173.4995,-38.9995],[173.7505,-38.9995],[173.7505,-39.2505],[173.4995,-39.2505]]]}},{"type":"Feature","id":"oisst_173.625_-39.375","properties":{"cell_id":"oisst_173.625_-39.375","id":"oisst_173.625_-39.375","name":"oisst_173.625_-39.375","Name":"oisst_173.625_-39.375"},"geometry":{"type":"Polygon","coordinates":[[[173.4995,-39.5005],[173.4995,-39.2495],[173.7505,-39.2495],[173.7505,-39.5005],[173.4995,-39.5005]]]}},{"type":"Feature","id":"oisst_173.625_-39.625","properties":{"cell_id":"oisst_173.625_-39.625","id":"oisst_173.625_-39.625","name":"oisst_173.625_-39.625","Name":"oisst_173.625_-39.625"},"geometry":{"type":"Polygon","coordinates":[[[173.4995,-39.7505],[173.4995,-39.4995],[173.7505,-39.4995],[173.7505,-39.7505],[173.4995,-39.7505]]]}},{"type":"Feature","id":"oisst_173.625_-39.875","properties":{"cell_id":"oisst_173.625_-39.875","id":"oisst_173.625_-39.875","name":"oisst_173.625_-39.875","Name":"oisst_173.625_-39.875"},"geometry":{"type":"Polygon","coordinates":[[[173.4995,-40.0005],[173.4995,-39.7495],[173.7505,-39.7495],[173.7505,-40.0005],[173.4995,-40.0005]]]}},{"type":"Feature","id":"oisst_173.625_-40.125","properties":{"cell_id":"oisst_173.625_-40.125","id":"oisst_173.625_-40.125","name":"oisst_173.625_-40.125","Name":"oisst_173.625_-40.125"},"geometry":{"type":"Polygon","coordinates":[[[173.4995,-40.2505],[173.4995,-39.9995],[173.7505,-39.9995],[173.7505,-40.2505],[173.4995,-40.2505]]]}},{"type":"Feature","id":"oisst_173.625_-40.375","properties":{"cell_id":"oisst_173.625_-40.375","id":"oisst_173.625_-40.375","name":"oisst_173.625_-40.375","Name":"oisst_173.625_-40.375"},"geometry":{"type":"Polygon","coordinates":[[[173.4995,-40.5005],[173.4995,-40.2495],[173.7505,-40.2495],[173.7505,-40.5005],[173.4995,-40.5005]]]}},{"type":"Feature","id":"oisst_173.625_-40.625","properties":{"cell_id":"oisst_173.625_-40.625","id":"oisst_173.625_-40.625","name":"oisst_173.625_-40.625","Name":"oisst_173.625_-40.625"},"geometry":{"type":"Polygon","coordinates":[[[173.4995,-40.7505],[173.4995,-40.4995],[173.7505,-40.4995],[173.7505,-40.7505],[173.4995,-40.7505]]]}},{"type":"Feature","id":"oisst_173.625_-40.875","properties":{"cell_id":"oisst_173.625_-40.875","id":"oisst_173.625_-40.875","name":"oisst_173.625_-40.875","Name":"oisst_173.625_-40.875"},"geometry":{"type":"Polygon","coordinates":[[[173.4995,-41.0005],[173.4995,-40.7495],[173.7505,-40.7495],[173.7505,-41.0005],[173.4995,-41.0005]]]}},{"type":"Feature","id":"oisst_173.625_-42.625","properties":{"cell_id":"oisst_173.625_-42.625","id":"oisst_173.625_-42.625","name":"oisst_173.625_-42.625","Name":"oisst_173.625_-42.625"},"geometry":{"type":"Polygon","coordinates":[[[173.4995,-42.7505],[173.4995,-42.4995],[173.7505,-42.4995],[173.7505,-42.7505],[173.4995,-42.7505]]]}},{"type":"Feature","id":"oisst_173.625_-42.875","properties":{"cell_id":"oisst_173.625_-42.875","id":"oisst_173.625_-42.875","name":"oisst_173.625_-42.875","Name":"oisst_173.625_-42.875"},"geometry":{"type":"Polygon","coordinates":[[[173.4995,-43.0005],[173.4995,-42.7495],[173.7505,-42.7495],[173.7505,-43.0005],[173.4995,-43.0005]]]}},{"type":"Feature","id":"oisst_173.625_-43.125","properties":{"cell_id":"oisst_173.625_-43.125","id":"oisst_173.625_-43.125","name":"oisst_173.625_-43.125","Name":"oisst_173.625_-43.125"},"geometry":{"type":"Polygon","coordinates":[[[173.4995,-43.2505],[173.4995,-42.9995],[173.7505,-42.9995],[173.7505,-43.2505],[173.4995,-43.2505]]]}},{"type":"Feature","id":"oisst_173.625_-43.375","properties":{"cell_id":"oisst_173.625_-43.375","id":"oisst_173.625_-43.375","name":"oisst_173.625_-43.375","Name":"oisst_173.625_-43.375"},"geometry":{"type":"Polygon","coordinates":[[[173.4995,-43.5005],[173.4995,-43.2495],[173.7505,-43.2495],[173.7505,-43.5005],[173.4995,-43.5005]]]}},{"type":"Feature","id":"oisst_173.625_-43.625","properties":{"cell_id":"oisst_173.625_-43.625","id":"oisst_173.625_-43.625","name":"oisst_173.625_-43.625","Name":"oisst_173.625_-43.625"},"geometry":{"type":"Polygon","coordinates":[[[173.4995,-43.7505],[173.4995,-43.4995],[173.7505,-43.4995],[173.7505,-43.7505],[173.4995,-43.7505]]]}},{"type":"Feature","id":"oisst_173.625_-43.875","properties":{"cell_id":"oisst_173.625_-43.875","id":"oisst_173.625_-43.875","name":"oisst_173.625_-43.875","Name":"oisst_173.625_-43.875"},"geometry":{"type":"Polygon","coordinates":[[[173.4995,-44.0005],[173.4995,-43.7495],[173.7505,-43.7495],[173.7505,-44.0005],[173.4995,-44.0005]]]}},{"type":"Feature","id":"oisst_173.625_-44.125","properties":{"cell_id":"oisst_173.625_-44.125","id":"oisst_173.625_-44.125","name":"oisst_173.625_-44.125","Name":"oisst_173.625_-44.125"},"geometry":{"type":"Polygon","coordinates":[[[173.4995,-44.2505],[173.4995,-43.9995],[173.7505,-43.9995],[173.7505,-44.2505],[173.4995,-44.2505]]]}},{"type":"Feature","id":"oisst_173.625_-44.375","properties":{"cell_id":"oisst_173.625_-44.375","id":"oisst_173.625_-44.375","name":"oisst_173.625_-44.375","Name":"oisst_173.625_-44.375"},"geometry":{"type":"Polygon","coordinates":[[[173.4995,-44.5005],[173.4995,-44.2495],[173.7505,-44.2495],[173.7505,-44.5005],[173.4995,-44.5005]]]}},{"type":"Feature","id":"oisst_173.875_-34.375","properties":{"cell_id":"oisst_173.875_-34.375","id":"oisst_173.875_-34.375","name":"oisst_173.875_-34.375","Name":"oisst_173.875_-34.375"},"geometry":{"type":"Polygon","coordinates":[[[173.7495,-34.5005],[173.7495,-34.2495],[174.0005,-34.2495],[174.0005,-34.5005],[173.7495,-34.5005]]]}},{"type":"Feature","id":"oisst_173.875_-34.625","properties":{"cell_id":"oisst_173.875_-34.625","id":"oisst_173.875_-34.625","name":"oisst_173.875_-34.625","Name":"oisst_173.875_-34.625"},"geometry":{"type":"Polygon","coordinates":[[[173.7495,-34.7505],[173.7495,-34.4995],[174.0005,-34.4995],[174.0005,-34.7505],[173.7495,-34.7505]]]}},{"type":"Feature","id":"oisst_173.875_-34.875","properties":{"cell_id":"oisst_173.875_-34.875","id":"oisst_173.875_-34.875","name":"oisst_173.875_-34.875","Name":"oisst_173.875_-34.875"},"geometry":{"type":"Polygon","coordinates":[[[173.7495,-35.0005],[173.7495,-34.7495],[174.0005,-34.7495],[174.0005,-35.0005],[173.7495,-35.0005]]]}},{"type":"Feature","id":"oisst_173.875_-36.125","properties":{"cell_id":"oisst_173.875_-36.125","id":"oisst_173.875_-36.125","name":"oisst_173.875_-36.125","Name":"oisst_173.875_-36.125"},"geometry":{"type":"Polygon","coordinates":[[[173.7495,-36.2505],[173.7495,-35.9995],[174.0005,-35.9995],[174.0005,-36.2505],[173.7495,-36.2505]]]}},{"type":"Feature","id":"oisst_173.875_-36.375","properties":{"cell_id":"oisst_173.875_-36.375","id":"oisst_173.875_-36.375","name":"oisst_173.875_-36.375","Name":"oisst_173.875_-36.375"},"geometry":{"type":"Polygon","coordinates":[[[173.7495,-36.5005],[173.7495,-36.2495],[174.0005,-36.2495],[174.0005,-36.5005],[173.7495,-36.5005]]]}},{"type":"Feature","id":"oisst_173.875_-36.625","properties":{"cell_id":"oisst_173.875_-36.625","id":"oisst_173.875_-36.625","name":"oisst_173.875_-36.625","Name":"oisst_173.875_-36.625"},"geometry":{"type":"Polygon","coordinates":[[[173.7495,-36.7505],[173.7495,-36.4995],[174.0005,-36.4995],[174.0005,-36.7505],[173.7495,-36.7505]]]}},{"type":"Feature","id":"oisst_173.875_-36.875","properties":{"cell_id":"oisst_173.875_-36.875","id":"oisst_173.875_-36.875","name":"oisst_173.875_-36.875","Name":"oisst_173.875_-36.875"},"geometry":{"type":"Polygon","coordinates":[[[173.7495,-37.0005],[173.7495,-36.7495],[174.0005,-36.7495],[174.0005,-37.0005],[173.7495,-37.0005]]]}},{"type":"Feature","id":"oisst_173.875_-37.125","properties":{"cell_id":"oisst_173.875_-37.125","id":"oisst_173.875_-37.125","name":"oisst_173.875_-37.125","Name":"oisst_173.875_-37.125"},"geometry":{"type":"Polygon","coordinates":[[[173.7495,-37.2505],[173.7495,-36.9995],[174.0005,-36.9995],[174.0005,-37.2505],[173.7495,-37.2505]]]}},{"type":"Feature","id":"oisst_173.875_-37.375","properties":{"cell_id":"oisst_173.875_-37.375","id":"oisst_173.875_-37.375","name":"oisst_173.875_-37.375","Name":"oisst_173.875_-37.375"},"geometry":{"type":"Polygon","coordinates":[[[173.7495,-37.5005],[173.7495,-37.2495],[174.0005,-37.2495],[174.0005,-37.5005],[173.7495,-37.5005]]]}},{"type":"Feature","id":"oisst_173.875_-37.625","properties":{"cell_id":"oisst_173.875_-37.625","id":"oisst_173.875_-37.625","name":"oisst_173.875_-37.625","Name":"oisst_173.875_-37.625"},"geometry":{"type":"Polygon","coordinates":[[[173.7495,-37.7505],[173.7495,-37.4995],[174.0005,-37.4995],[174.0005,-37.7505],[173.7495,-37.7505]]]}},{"type":"Feature","id":"oisst_173.875_-37.875","properties":{"cell_id":"oisst_173.875_-37.875","id":"oisst_173.875_-37.875","name":"oisst_173.875_-37.875","Name":"oisst_173.875_-37.875"},"geometry":{"type":"Polygon","coordinates":[[[173.7495,-38.0005],[173.7495,-37.7495],[174.0005,-37.7495],[174.0005,-38.0005],[173.7495,-38.0005]]]}},{"type":"Feature","id":"oisst_173.875_-38.125","properties":{"cell_id":"oisst_173.875_-38.125","id":"oisst_173.875_-38.125","name":"oisst_173.875_-38.125","Name":"oisst_173.875_-38.125"},"geometry":{"type":"Polygon","coordinates":[[[173.7495,-38.2505],[173.7495,-37.9995],[174.0005,-37.9995],[174.0005,-38.2505],[173.7495,-38.2505]]]}},{"type":"Feature","id":"oisst_173.875_-38.375","properties":{"cell_id":"oisst_173.875_-38.375","id":"oisst_173.875_-38.375","name":"oisst_173.875_-38.375","Name":"oisst_173.875_-38.375"},"geometry":{"type":"Polygon","coordinates":[[[173.7495,-38.5005],[173.7495,-38.2495],[174.0005,-38.2495],[174.0005,-38.5005],[173.7495,-38.5005]]]}},{"type":"Feature","id":"oisst_173.875_-38.625","properties":{"cell_id":"oisst_173.875_-38.625","id":"oisst_173.875_-38.625","name":"oisst_173.875_-38.625","Name":"oisst_173.875_-38.625"},"geometry":{"type":"Polygon","coordinates":[[[173.7495,-38.7505],[173.7495,-38.4995],[174.0005,-38.4995],[174.0005,-38.7505],[173.7495,-38.7505]]]}},{"type":"Feature","id":"oisst_173.875_-38.875","properties":{"cell_id":"oisst_173.875_-38.875","id":"oisst_173.875_-38.875","name":"oisst_173.875_-38.875","Name":"oisst_173.875_-38.875"},"geometry":{"type":"Polygon","coordinates":[[[173.7495,-39.0005],[173.7495,-38.7495],[174.0005,-38.7495],[174.0005,-39.0005],[173.7495,-39.0005]]]}},{"type":"Feature","id":"oisst_173.875_-39.125","properties":{"cell_id":"oisst_173.875_-39.125","id":"oisst_173.875_-39.125","name":"oisst_173.875_-39.125","Name":"oisst_173.875_-39.125"},"geometry":{"type":"Polygon","coordinates":[[[173.7495,-39.2505],[173.7495,-38.9995],[174.0005,-38.9995],[174.0005,-39.2505],[173.7495,-39.2505]]]}},{"type":"Feature","id":"oisst_173.875_-39.625","properties":{"cell_id":"oisst_173.875_-39.625","id":"oisst_173.875_-39.625","name":"oisst_173.875_-39.625","Name":"oisst_173.875_-39.625"},"geometry":{"type":"Polygon","coordinates":[[[173.7495,-39.7505],[173.7495,-39.4995],[174.0005,-39.4995],[174.0005,-39.7505],[173.7495,-39.7505]]]}},{"type":"Feature","id":"oisst_173.875_-39.875","properties":{"cell_id":"oisst_173.875_-39.875","id":"oisst_173.875_-39.875","name":"oisst_173.875_-39.875","Name":"oisst_173.875_-39.875"},"geometry":{"type":"Polygon","coordinates":[[[173.7495,-40.0005],[173.7495,-39.7495],[174.0005,-39.7495],[174.0005,-40.0005],[173.7495,-40.0005]]]}},{"type":"Feature","id":"oisst_173.875_-40.125","properties":{"cell_id":"oisst_173.875_-40.125","id":"oisst_173.875_-40.125","name":"oisst_173.875_-40.125","Name":"oisst_173.875_-40.125"},"geometry":{"type":"Polygon","coordinates":[[[173.7495,-40.2505],[173.7495,-39.9995],[174.0005,-39.9995],[174.0005,-40.2505],[173.7495,-40.2505]]]}},{"type":"Feature","id":"oisst_173.875_-40.375","properties":{"cell_id":"oisst_173.875_-40.375","id":"oisst_173.875_-40.375","name":"oisst_173.875_-40.375","Name":"oisst_173.875_-40.375"},"geometry":{"type":"Polygon","coordinates":[[[173.7495,-40.5005],[173.7495,-40.2495],[174.0005,-40.2495],[174.0005,-40.5005],[173.7495,-40.5005]]]}},{"type":"Feature","id":"oisst_173.875_-40.625","properties":{"cell_id":"oisst_173.875_-40.625","id":"oisst_173.875_-40.625","name":"oisst_173.875_-40.625","Name":"oisst_173.875_-40.625"},"geometry":{"type":"Polygon","coordinates":[[[173.7495,-40.7505],[173.7495,-40.4995],[174.0005,-40.4995],[174.0005,-40.7505],[173.7495,-40.7505]]]}},{"type":"Feature","id":"oisst_173.875_-42.375","properties":{"cell_id":"oisst_173.875_-42.375","id":"oisst_173.875_-42.375","name":"oisst_173.875_-42.375","Name":"oisst_173.875_-42.375"},"geometry":{"type":"Polygon","coordinates":[[[173.7495,-42.5005],[173.7495,-42.2495],[174.0005,-42.2495],[174.0005,-42.5005],[173.7495,-42.5005]]]}},{"type":"Feature","id":"oisst_173.875_-42.625","properties":{"cell_id":"oisst_173.875_-42.625","id":"oisst_173.875_-42.625","name":"oisst_173.875_-42.625","Name":"oisst_173.875_-42.625"},"geometry":{"type":"Polygon","coordinates":[[[173.7495,-42.7505],[173.7495,-42.4995],[174.0005,-42.4995],[174.0005,-42.7505],[173.7495,-42.7505]]]}},{"type":"Feature","id":"oisst_173.875_-42.875","properties":{"cell_id":"oisst_173.875_-42.875","id":"oisst_173.875_-42.875","name":"oisst_173.875_-42.875","Name":"oisst_173.875_-42.875"},"geometry":{"type":"Polygon","coordinates":[[[173.7495,-43.0005],[173.7495,-42.7495],[174.0005,-42.7495],[174.0005,-43.0005],[173.7495,-43.0005]]]}},{"type":"Feature","id":"oisst_173.875_-43.125","properties":{"cell_id":"oisst_173.875_-43.125","id":"oisst_173.875_-43.125","name":"oisst_173.875_-43.125","Name":"oisst_173.875_-43.125"},"geometry":{"type":"Polygon","coordinates":[[[173.7495,-43.2505],[173.7495,-42.9995],[174.0005,-42.9995],[174.0005,-43.2505],[173.7495,-43.2505]]]}},{"type":"Feature","id":"oisst_173.875_-43.375","properties":{"cell_id":"oisst_173.875_-43.375","id":"oisst_173.875_-43.375","name":"oisst_173.875_-43.375","Name":"oisst_173.875_-43.375"},"geometry":{"type":"Polygon","coordinates":[[[173.7495,-43.5005],[173.7495,-43.2495],[174.0005,-43.2495],[174.0005,-43.5005],[173.7495,-43.5005]]]}},{"type":"Feature","id":"oisst_173.875_-43.625","properties":{"cell_id":"oisst_173.875_-43.625","id":"oisst_173.875_-43.625","name":"oisst_173.875_-43.625","Name":"oisst_173.875_-43.625"},"geometry":{"type":"Polygon","coordinates":[[[173.7495,-43.7505],[173.7495,-43.4995],[174.0005,-43.4995],[174.0005,-43.7505],[173.7495,-43.7505]]]}},{"type":"Feature","id":"oisst_173.875_-43.875","properties":{"cell_id":"oisst_173.875_-43.875","id":"oisst_173.875_-43.875","name":"oisst_173.875_-43.875","Name":"oisst_173.875_-43.875"},"geometry":{"type":"Polygon","coordinates":[[[173.7495,-44.0005],[173.7495,-43.7495],[174.0005,-43.7495],[174.0005,-44.0005],[173.7495,-44.0005]]]}},{"type":"Feature","id":"oisst_173.875_-44.125","properties":{"cell_id":"oisst_173.875_-44.125","id":"oisst_173.875_-44.125","name":"oisst_173.875_-44.125","Name":"oisst_173.875_-44.125"},"geometry":{"type":"Polygon","coordinates":[[[173.7495,-44.2505],[173.7495,-43.9995],[174.0005,-43.9995],[174.0005,-44.2505],[173.7495,-44.2505]]]}},{"type":"Feature","id":"oisst_174.125_-34.375","properties":{"cell_id":"oisst_174.125_-34.375","id":"oisst_174.125_-34.375","name":"oisst_174.125_-34.375","Name":"oisst_174.125_-34.375"},"geometry":{"type":"Polygon","coordinates":[[[173.9995,-34.5005],[173.9995,-34.2495],[174.2505,-34.2495],[174.2505,-34.5005],[173.9995,-34.5005]]]}},{"type":"Feature","id":"oisst_174.125_-34.625","properties":{"cell_id":"oisst_174.125_-34.625","id":"oisst_174.125_-34.625","name":"oisst_174.125_-34.625","Name":"oisst_174.125_-34.625"},"geometry":{"type":"Polygon","coordinates":[[[173.9995,-34.7505],[173.9995,-34.4995],[174.2505,-34.4995],[174.2505,-34.7505],[173.9995,-34.7505]]]}},{"type":"Feature","id":"oisst_174.125_-34.875","properties":{"cell_id":"oisst_174.125_-34.875","id":"oisst_174.125_-34.875","name":"oisst_174.125_-34.875","Name":"oisst_174.125_-34.875"},"geometry":{"type":"Polygon","coordinates":[[[173.9995,-35.0005],[173.9995,-34.7495],[174.2505,-34.7495],[174.2505,-35.0005],[173.9995,-35.0005]]]}},{"type":"Feature","id":"oisst_174.125_-35.125","properties":{"cell_id":"oisst_174.125_-35.125","id":"oisst_174.125_-35.125","name":"oisst_174.125_-35.125","Name":"oisst_174.125_-35.125"},"geometry":{"type":"Polygon","coordinates":[[[173.9995,-35.2505],[173.9995,-34.9995],[174.2505,-34.9995],[174.2505,-35.2505],[173.9995,-35.2505]]]}},{"type":"Feature","id":"oisst_174.125_-36.625","properties":{"cell_id":"oisst_174.125_-36.625","id":"oisst_174.125_-36.625","name":"oisst_174.125_-36.625","Name":"oisst_174.125_-36.625"},"geometry":{"type":"Polygon","coordinates":[[[173.9995,-36.7505],[173.9995,-36.4995],[174.2505,-36.4995],[174.2505,-36.7505],[173.9995,-36.7505]]]}},{"type":"Feature","id":"oisst_174.125_-36.875","properties":{"cell_id":"oisst_174.125_-36.875","id":"oisst_174.125_-36.875","name":"oisst_174.125_-36.875","Name":"oisst_174.125_-36.875"},"geometry":{"type":"Polygon","coordinates":[[[173.9995,-37.0005],[173.9995,-36.7495],[174.2505,-36.7495],[174.2505,-37.0005],[173.9995,-37.0005]]]}},{"type":"Feature","id":"oisst_174.125_-37.125","properties":{"cell_id":"oisst_174.125_-37.125","id":"oisst_174.125_-37.125","name":"oisst_174.125_-37.125","Name":"oisst_174.125_-37.125"},"geometry":{"type":"Polygon","coordinates":[[[173.9995,-37.2505],[173.9995,-36.9995],[174.2505,-36.9995],[174.2505,-37.2505],[173.9995,-37.2505]]]}},{"type":"Feature","id":"oisst_174.125_-37.375","properties":{"cell_id":"oisst_174.125_-37.375","id":"oisst_174.125_-37.375","name":"oisst_174.125_-37.375","Name":"oisst_174.125_-37.375"},"geometry":{"type":"Polygon","coordinates":[[[173.9995,-37.5005],[173.9995,-37.2495],[174.2505,-37.2495],[174.2505,-37.5005],[173.9995,-37.5005]]]}},{"type":"Feature","id":"oisst_174.125_-37.625","properties":{"cell_id":"oisst_174.125_-37.625","id":"oisst_174.125_-37.625","name":"oisst_174.125_-37.625","Name":"oisst_174.125_-37.625"},"geometry":{"type":"Polygon","coordinates":[[[173.9995,-37.7505],[173.9995,-37.4995],[174.2505,-37.4995],[174.2505,-37.7505],[173.9995,-37.7505]]]}},{"type":"Feature","id":"oisst_174.125_-37.875","properties":{"cell_id":"oisst_174.125_-37.875","id":"oisst_174.125_-37.875","name":"oisst_174.125_-37.875","Name":"oisst_174.125_-37.875"},"geometry":{"type":"Polygon","coordinates":[[[173.9995,-38.0005],[173.9995,-37.7495],[174.2505,-37.7495],[174.2505,-38.0005],[173.9995,-38.0005]]]}},{"type":"Feature","id":"oisst_174.125_-38.125","properties":{"cell_id":"oisst_174.125_-38.125","id":"oisst_174.125_-38.125","name":"oisst_174.125_-38.125","Name":"oisst_174.125_-38.125"},"geometry":{"type":"Polygon","coordinates":[[[173.9995,-38.2505],[173.9995,-37.9995],[174.2505,-37.9995],[174.2505,-38.2505],[173.9995,-38.2505]]]}},{"type":"Feature","id":"oisst_174.125_-38.375","properties":{"cell_id":"oisst_174.125_-38.375","id":"oisst_174.125_-38.375","name":"oisst_174.125_-38.375","Name":"oisst_174.125_-38.375"},"geometry":{"type":"Polygon","coordinates":[[[173.9995,-38.5005],[173.9995,-38.2495],[174.2505,-38.2495],[174.2505,-38.5005],[173.9995,-38.5005]]]}},{"type":"Feature","id":"oisst_174.125_-38.625","properties":{"cell_id":"oisst_174.125_-38.625","id":"oisst_174.125_-38.625","name":"oisst_174.125_-38.625","Name":"oisst_174.125_-38.625"},"geometry":{"type":"Polygon","coordinates":[[[173.9995,-38.7505],[173.9995,-38.4995],[174.2505,-38.4995],[174.2505,-38.7505],[173.9995,-38.7505]]]}},{"type":"Feature","id":"oisst_174.125_-38.875","properties":{"cell_id":"oisst_174.125_-38.875","id":"oisst_174.125_-38.875","name":"oisst_174.125_-38.875","Name":"oisst_174.125_-38.875"},"geometry":{"type":"Polygon","coordinates":[[[173.9995,-39.0005],[173.9995,-38.7495],[174.2505,-38.7495],[174.2505,-39.0005],[173.9995,-39.0005]]]}},{"type":"Feature","id":"oisst_174.125_-39.625","properties":{"cell_id":"oisst_174.125_-39.625","id":"oisst_174.125_-39.625","name":"oisst_174.125_-39.625","Name":"oisst_174.125_-39.625"},"geometry":{"type":"Polygon","coordinates":[[[173.9995,-39.7505],[173.9995,-39.4995],[174.2505,-39.4995],[174.2505,-39.7505],[173.9995,-39.7505]]]}},{"type":"Feature","id":"oisst_174.125_-39.875","properties":{"cell_id":"oisst_174.125_-39.875","id":"oisst_174.125_-39.875","name":"oisst_174.125_-39.875","Name":"oisst_174.125_-39.875"},"geometry":{"type":"Polygon","coordinates":[[[173.9995,-40.0005],[173.9995,-39.7495],[174.2505,-39.7495],[174.2505,-40.0005],[173.9995,-40.0005]]]}},{"type":"Feature","id":"oisst_174.125_-40.125","properties":{"cell_id":"oisst_174.125_-40.125","id":"oisst_174.125_-40.125","name":"oisst_174.125_-40.125","Name":"oisst_174.125_-40.125"},"geometry":{"type":"Polygon","coordinates":[[[173.9995,-40.2505],[173.9995,-39.9995],[174.2505,-39.9995],[174.2505,-40.2505],[173.9995,-40.2505]]]}},{"type":"Feature","id":"oisst_174.125_-40.375","properties":{"cell_id":"oisst_174.125_-40.375","id":"oisst_174.125_-40.375","name":"oisst_174.125_-40.375","Name":"oisst_174.125_-40.375"},"geometry":{"type":"Polygon","coordinates":[[[173.9995,-40.5005],[173.9995,-40.2495],[174.2505,-40.2495],[174.2505,-40.5005],[173.9995,-40.5005]]]}},{"type":"Feature","id":"oisst_174.125_-40.625","properties":{"cell_id":"oisst_174.125_-40.625","id":"oisst_174.125_-40.625","name":"oisst_174.125_-40.625","Name":"oisst_174.125_-40.625"},"geometry":{"type":"Polygon","coordinates":[[[173.9995,-40.7505],[173.9995,-40.4995],[174.2505,-40.4995],[174.2505,-40.7505],[173.9995,-40.7505]]]}},{"type":"Feature","id":"oisst_174.125_-40.875","properties":{"cell_id":"oisst_174.125_-40.875","id":"oisst_174.125_-40.875","name":"oisst_174.125_-40.875","Name":"oisst_174.125_-40.875"},"geometry":{"type":"Polygon","coordinates":[[[173.9995,-41.0005],[173.9995,-40.7495],[174.2505,-40.7495],[174.2505,-41.0005],[173.9995,-41.0005]]]}},{"type":"Feature","id":"oisst_174.125_-41.375","properties":{"cell_id":"oisst_174.125_-41.375","id":"oisst_174.125_-41.375","name":"oisst_174.125_-41.375","Name":"oisst_174.125_-41.375"},"geometry":{"type":"Polygon","coordinates":[[[173.9995,-41.5005],[173.9995,-41.2495],[174.2505,-41.2495],[174.2505,-41.5005],[173.9995,-41.5005]]]}},{"type":"Feature","id":"oisst_174.125_-42.125","properties":{"cell_id":"oisst_174.125_-42.125","id":"oisst_174.125_-42.125","name":"oisst_174.125_-42.125","Name":"oisst_174.125_-42.125"},"geometry":{"type":"Polygon","coordinates":[[[173.9995,-42.2505],[173.9995,-41.9995],[174.2505,-41.9995],[174.2505,-42.2505],[173.9995,-42.2505]]]}},{"type":"Feature","id":"oisst_174.125_-42.375","properties":{"cell_id":"oisst_174.125_-42.375","id":"oisst_174.125_-42.375","name":"oisst_174.125_-42.375","Name":"oisst_174.125_-42.375"},"geometry":{"type":"Polygon","coordinates":[[[173.9995,-42.5005],[173.9995,-42.2495],[174.2505,-42.2495],[174.2505,-42.5005],[173.9995,-42.5005]]]}},{"type":"Feature","id":"oisst_174.125_-42.625","properties":{"cell_id":"oisst_174.125_-42.625","id":"oisst_174.125_-42.625","name":"oisst_174.125_-42.625","Name":"oisst_174.125_-42.625"},"geometry":{"type":"Polygon","coordinates":[[[173.9995,-42.7505],[173.9995,-42.4995],[174.2505,-42.4995],[174.2505,-42.7505],[173.9995,-42.7505]]]}},{"type":"Feature","id":"oisst_174.125_-42.875","properties":{"cell_id":"oisst_174.125_-42.875","id":"oisst_174.125_-42.875","name":"oisst_174.125_-42.875","Name":"oisst_174.125_-42.875"},"geometry":{"type":"Polygon","coordinates":[[[173.9995,-43.0005],[173.9995,-42.7495],[174.2505,-42.7495],[174.2505,-43.0005],[173.9995,-43.0005]]]}},{"type":"Feature","id":"oisst_174.125_-43.125","properties":{"cell_id":"oisst_174.125_-43.125","id":"oisst_174.125_-43.125","name":"oisst_174.125_-43.125","Name":"oisst_174.125_-43.125"},"geometry":{"type":"Polygon","coordinates":[[[173.9995,-43.2505],[173.9995,-42.9995],[174.2505,-42.9995],[174.2505,-43.2505],[173.9995,-43.2505]]]}},{"type":"Feature","id":"oisst_174.375_-34.625","properties":{"cell_id":"oisst_174.375_-34.625","id":"oisst_174.375_-34.625","name":"oisst_174.375_-34.625","Name":"oisst_174.375_-34.625"},"geometry":{"type":"Polygon","coordinates":[[[174.2495,-34.7505],[174.2495,-34.4995],[174.5005,-34.4995],[174.5005,-34.7505],[174.2495,-34.7505]]]}},{"type":"Feature","id":"oisst_174.375_-34.875","properties":{"cell_id":"oisst_174.375_-34.875","id":"oisst_174.375_-34.875","name":"oisst_174.375_-34.875","Name":"oisst_174.375_-34.875"},"geometry":{"type":"Polygon","coordinates":[[[174.2495,-35.0005],[174.2495,-34.7495],[174.5005,-34.7495],[174.5005,-35.0005],[174.2495,-35.0005]]]}},{"type":"Feature","id":"oisst_174.375_-35.125","properties":{"cell_id":"oisst_174.375_-35.125","id":"oisst_174.375_-35.125","name":"oisst_174.375_-35.125","Name":"oisst_174.375_-35.125"},"geometry":{"type":"Polygon","coordinates":[[[174.2495,-35.2505],[174.2495,-34.9995],[174.5005,-34.9995],[174.5005,-35.2505],[174.2495,-35.2505]]]}},{"type":"Feature","id":"oisst_174.375_-36.625","properties":{"cell_id":"oisst_174.375_-36.625","id":"oisst_174.375_-36.625","name":"oisst_174.375_-36.625","Name":"oisst_174.375_-36.625"},"geometry":{"type":"Polygon","coordinates":[[[174.2495,-36.7505],[174.2495,-36.4995],[174.5005,-36.4995],[174.5005,-36.7505],[174.2495,-36.7505]]]}},{"type":"Feature","id":"oisst_174.375_-36.875","properties":{"cell_id":"oisst_174.375_-36.875","id":"oisst_174.375_-36.875","name":"oisst_174.375_-36.875","Name":"oisst_174.375_-36.875"},"geometry":{"type":"Polygon","coordinates":[[[174.2495,-37.0005],[174.2495,-36.7495],[174.5005,-36.7495],[174.5005,-37.0005],[174.2495,-37.0005]]]}},{"type":"Feature","id":"oisst_174.375_-37.125","properties":{"cell_id":"oisst_174.375_-37.125","id":"oisst_174.375_-37.125","name":"oisst_174.375_-37.125","Name":"oisst_174.375_-37.125"},"geometry":{"type":"Polygon","coordinates":[[[174.2495,-37.2505],[174.2495,-36.9995],[174.5005,-36.9995],[174.5005,-37.2505],[174.2495,-37.2505]]]}},{"type":"Feature","id":"oisst_174.375_-37.375","properties":{"cell_id":"oisst_174.375_-37.375","id":"oisst_174.375_-37.375","name":"oisst_174.375_-37.375","Name":"oisst_174.375_-37.375"},"geometry":{"type":"Polygon","coordinates":[[[174.2495,-37.5005],[174.2495,-37.2495],[174.5005,-37.2495],[174.5005,-37.5005],[174.2495,-37.5005]]]}},{"type":"Feature","id":"oisst_174.375_-37.625","properties":{"cell_id":"oisst_174.375_-37.625","id":"oisst_174.375_-37.625","name":"oisst_174.375_-37.625","Name":"oisst_174.375_-37.625"},"geometry":{"type":"Polygon","coordinates":[[[174.2495,-37.7505],[174.2495,-37.4995],[174.5005,-37.4995],[174.5005,-37.7505],[174.2495,-37.7505]]]}},{"type":"Feature","id":"oisst_174.375_-37.875","properties":{"cell_id":"oisst_174.375_-37.875","id":"oisst_174.375_-37.875","name":"oisst_174.375_-37.875","Name":"oisst_174.375_-37.875"},"geometry":{"type":"Polygon","coordinates":[[[174.2495,-38.0005],[174.2495,-37.7495],[174.5005,-37.7495],[174.5005,-38.0005],[174.2495,-38.0005]]]}},{"type":"Feature","id":"oisst_174.375_-38.125","properties":{"cell_id":"oisst_174.375_-38.125","id":"oisst_174.375_-38.125","name":"oisst_174.375_-38.125","Name":"oisst_174.375_-38.125"},"geometry":{"type":"Polygon","coordinates":[[[174.2495,-38.2505],[174.2495,-37.9995],[174.5005,-37.9995],[174.5005,-38.2505],[174.2495,-38.2505]]]}},{"type":"Feature","id":"oisst_174.375_-38.375","properties":{"cell_id":"oisst_174.375_-38.375","id":"oisst_174.375_-38.375","name":"oisst_174.375_-38.375","Name":"oisst_174.375_-38.375"},"geometry":{"type":"Polygon","coordinates":[[[174.2495,-38.5005],[174.2495,-38.2495],[174.5005,-38.2495],[174.5005,-38.5005],[174.2495,-38.5005]]]}},{"type":"Feature","id":"oisst_174.375_-38.625","properties":{"cell_id":"oisst_174.375_-38.625","id":"oisst_174.375_-38.625","name":"oisst_174.375_-38.625","Name":"oisst_174.375_-38.625"},"geometry":{"type":"Polygon","coordinates":[[[174.2495,-38.7505],[174.2495,-38.4995],[174.5005,-38.4995],[174.5005,-38.7505],[174.2495,-38.7505]]]}},{"type":"Feature","id":"oisst_174.375_-38.875","properties":{"cell_id":"oisst_174.375_-38.875","id":"oisst_174.375_-38.875","name":"oisst_174.375_-38.875","Name":"oisst_174.375_-38.875"},"geometry":{"type":"Polygon","coordinates":[[[174.2495,-39.0005],[174.2495,-38.7495],[174.5005,-38.7495],[174.5005,-39.0005],[174.2495,-39.0005]]]}},{"type":"Feature","id":"oisst_174.375_-39.875","properties":{"cell_id":"oisst_174.375_-39.875","id":"oisst_174.375_-39.875","name":"oisst_174.375_-39.875","Name":"oisst_174.375_-39.875"},"geometry":{"type":"Polygon","coordinates":[[[174.2495,-40.0005],[174.2495,-39.7495],[174.5005,-39.7495],[174.5005,-40.0005],[174.2495,-40.0005]]]}},{"type":"Feature","id":"oisst_174.375_-40.125","properties":{"cell_id":"oisst_174.375_-40.125","id":"oisst_174.375_-40.125","name":"oisst_174.375_-40.125","Name":"oisst_174.375_-40.125"},"geometry":{"type":"Polygon","coordinates":[[[174.2495,-40.2505],[174.2495,-39.9995],[174.5005,-39.9995],[174.5005,-40.2505],[174.2495,-40.2505]]]}},{"type":"Feature","id":"oisst_174.375_-40.375","properties":{"cell_id":"oisst_174.375_-40.375","id":"oisst_174.375_-40.375","name":"oisst_174.375_-40.375","Name":"oisst_174.375_-40.375"},"geometry":{"type":"Polygon","coordinates":[[[174.2495,-40.5005],[174.2495,-40.2495],[174.5005,-40.2495],[174.5005,-40.5005],[174.2495,-40.5005]]]}},{"type":"Feature","id":"oisst_174.375_-40.625","properties":{"cell_id":"oisst_174.375_-40.625","id":"oisst_174.375_-40.625","name":"oisst_174.375_-40.625","Name":"oisst_174.375_-40.625"},"geometry":{"type":"Polygon","coordinates":[[[174.2495,-40.7505],[174.2495,-40.4995],[174.5005,-40.4995],[174.5005,-40.7505],[174.2495,-40.7505]]]}},{"type":"Feature","id":"oisst_174.375_-40.875","properties":{"cell_id":"oisst_174.375_-40.875","id":"oisst_174.375_-40.875","name":"oisst_174.375_-40.875","Name":"oisst_174.375_-40.875"},"geometry":{"type":"Polygon","coordinates":[[[174.2495,-41.0005],[174.2495,-40.7495],[174.5005,-40.7495],[174.5005,-41.0005],[174.2495,-41.0005]]]}},{"type":"Feature","id":"oisst_174.375_-41.375","properties":{"cell_id":"oisst_174.375_-41.375","id":"oisst_174.375_-41.375","name":"oisst_174.375_-41.375","Name":"oisst_174.375_-41.375"},"geometry":{"type":"Polygon","coordinates":[[[174.2495,-41.5005],[174.2495,-41.2495],[174.5005,-41.2495],[174.5005,-41.5005],[174.2495,-41.5005]]]}},{"type":"Feature","id":"oisst_174.375_-41.625","properties":{"cell_id":"oisst_174.375_-41.625","id":"oisst_174.375_-41.625","name":"oisst_174.375_-41.625","Name":"oisst_174.375_-41.625"},"geometry":{"type":"Polygon","coordinates":[[[174.2495,-41.7505],[174.2495,-41.4995],[174.5005,-41.4995],[174.5005,-41.7505],[174.2495,-41.7505]]]}},{"type":"Feature","id":"oisst_174.375_-41.875","properties":{"cell_id":"oisst_174.375_-41.875","id":"oisst_174.375_-41.875","name":"oisst_174.375_-41.875","Name":"oisst_174.375_-41.875"},"geometry":{"type":"Polygon","coordinates":[[[174.2495,-42.0005],[174.2495,-41.7495],[174.5005,-41.7495],[174.5005,-42.0005],[174.2495,-42.0005]]]}},{"type":"Feature","id":"oisst_174.375_-42.125","properties":{"cell_id":"oisst_174.375_-42.125","id":"oisst_174.375_-42.125","name":"oisst_174.375_-42.125","Name":"oisst_174.375_-42.125"},"geometry":{"type":"Polygon","coordinates":[[[174.2495,-42.2505],[174.2495,-41.9995],[174.5005,-41.9995],[174.5005,-42.2505],[174.2495,-42.2505]]]}},{"type":"Feature","id":"oisst_174.375_-42.375","properties":{"cell_id":"oisst_174.375_-42.375","id":"oisst_174.375_-42.375","name":"oisst_174.375_-42.375","Name":"oisst_174.375_-42.375"},"geometry":{"type":"Polygon","coordinates":[[[174.2495,-42.5005],[174.2495,-42.2495],[174.5005,-42.2495],[174.5005,-42.5005],[174.2495,-42.5005]]]}},{"type":"Feature","id":"oisst_174.375_-42.625","properties":{"cell_id":"oisst_174.375_-42.625","id":"oisst_174.375_-42.625","name":"oisst_174.375_-42.625","Name":"oisst_174.375_-42.625"},"geometry":{"type":"Polygon","coordinates":[[[174.2495,-42.7505],[174.2495,-42.4995],[174.5005,-42.4995],[174.5005,-42.7505],[174.2495,-42.7505]]]}},{"type":"Feature","id":"oisst_174.375_-42.875","properties":{"cell_id":"oisst_174.375_-42.875","id":"oisst_174.375_-42.875","name":"oisst_174.375_-42.875","Name":"oisst_174.375_-42.875"},"geometry":{"type":"Polygon","coordinates":[[[174.2495,-43.0005],[174.2495,-42.7495],[174.5005,-42.7495],[174.5005,-43.0005],[174.2495,-43.0005]]]}},{"type":"Feature","id":"oisst_174.625_-34.625","properties":{"cell_id":"oisst_174.625_-34.625","id":"oisst_174.625_-34.625","name":"oisst_174.625_-34.625","Name":"oisst_174.625_-34.625"},"geometry":{"type":"Polygon","coordinates":[[[174.4995,-34.7505],[174.4995,-34.4995],[174.7505,-34.4995],[174.7505,-34.7505],[174.4995,-34.7505]]]}},{"type":"Feature","id":"oisst_174.625_-34.875","properties":{"cell_id":"oisst_174.625_-34.875","id":"oisst_174.625_-34.875","name":"oisst_174.625_-34.875","Name":"oisst_174.625_-34.875"},"geometry":{"type":"Polygon","coordinates":[[[174.4995,-35.0005],[174.4995,-34.7495],[174.7505,-34.7495],[174.7505,-35.0005],[174.4995,-35.0005]]]}},{"type":"Feature","id":"oisst_174.625_-35.125","properties":{"cell_id":"oisst_174.625_-35.125","id":"oisst_174.625_-35.125","name":"oisst_174.625_-35.125","Name":"oisst_174.625_-35.125"},"geometry":{"type":"Polygon","coordinates":[[[174.4995,-35.2505],[174.4995,-34.9995],[174.7505,-34.9995],[174.7505,-35.2505],[174.4995,-35.2505]]]}},{"type":"Feature","id":"oisst_174.625_-35.375","properties":{"cell_id":"oisst_174.625_-35.375","id":"oisst_174.625_-35.375","name":"oisst_174.625_-35.375","Name":"oisst_174.625_-35.375"},"geometry":{"type":"Polygon","coordinates":[[[174.4995,-35.5005],[174.4995,-35.2495],[174.7505,-35.2495],[174.7505,-35.5005],[174.4995,-35.5005]]]}},{"type":"Feature","id":"oisst_174.625_-35.625","properties":{"cell_id":"oisst_174.625_-35.625","id":"oisst_174.625_-35.625","name":"oisst_174.625_-35.625","Name":"oisst_174.625_-35.625"},"geometry":{"type":"Polygon","coordinates":[[[174.4995,-35.7505],[174.4995,-35.4995],[174.7505,-35.4995],[174.7505,-35.7505],[174.4995,-35.7505]]]}},{"type":"Feature","id":"oisst_174.625_-35.875","properties":{"cell_id":"oisst_174.625_-35.875","id":"oisst_174.625_-35.875","name":"oisst_174.625_-35.875","Name":"oisst_174.625_-35.875"},"geometry":{"type":"Polygon","coordinates":[[[174.4995,-36.0005],[174.4995,-35.7495],[174.7505,-35.7495],[174.7505,-36.0005],[174.4995,-36.0005]]]}},{"type":"Feature","id":"oisst_174.625_-36.125","properties":{"cell_id":"oisst_174.625_-36.125","id":"oisst_174.625_-36.125","name":"oisst_174.625_-36.125","Name":"oisst_174.625_-36.125"},"geometry":{"type":"Polygon","coordinates":[[[174.4995,-36.2505],[174.4995,-35.9995],[174.7505,-35.9995],[174.7505,-36.2505],[174.4995,-36.2505]]]}},{"type":"Feature","id":"oisst_174.625_-37.375","properties":{"cell_id":"oisst_174.625_-37.375","id":"oisst_174.625_-37.375","name":"oisst_174.625_-37.375","Name":"oisst_174.625_-37.375"},"geometry":{"type":"Polygon","coordinates":[[[174.4995,-37.5005],[174.4995,-37.2495],[174.7505,-37.2495],[174.7505,-37.5005],[174.4995,-37.5005]]]}},{"type":"Feature","id":"oisst_174.625_-37.625","properties":{"cell_id":"oisst_174.625_-37.625","id":"oisst_174.625_-37.625","name":"oisst_174.625_-37.625","Name":"oisst_174.625_-37.625"},"geometry":{"type":"Polygon","coordinates":[[[174.4995,-37.7505],[174.4995,-37.4995],[174.7505,-37.4995],[174.7505,-37.7505],[174.4995,-37.7505]]]}},{"type":"Feature","id":"oisst_174.625_-37.875","properties":{"cell_id":"oisst_174.625_-37.875","id":"oisst_174.625_-37.875","name":"oisst_174.625_-37.875","Name":"oisst_174.625_-37.875"},"geometry":{"type":"Polygon","coordinates":[[[174.4995,-38.0005],[174.4995,-37.7495],[174.7505,-37.7495],[174.7505,-38.0005],[174.4995,-38.0005]]]}},{"type":"Feature","id":"oisst_174.625_-38.125","properties":{"cell_id":"oisst_174.625_-38.125","id":"oisst_174.625_-38.125","name":"oisst_174.625_-38.125","Name":"oisst_174.625_-38.125"},"geometry":{"type":"Polygon","coordinates":[[[174.4995,-38.2505],[174.4995,-37.9995],[174.7505,-37.9995],[174.7505,-38.2505],[174.4995,-38.2505]]]}},{"type":"Feature","id":"oisst_174.625_-38.375","properties":{"cell_id":"oisst_174.625_-38.375","id":"oisst_174.625_-38.375","name":"oisst_174.625_-38.375","Name":"oisst_174.625_-38.375"},"geometry":{"type":"Polygon","coordinates":[[[174.4995,-38.5005],[174.4995,-38.2495],[174.7505,-38.2495],[174.7505,-38.5005],[174.4995,-38.5005]]]}},{"type":"Feature","id":"oisst_174.625_-39.875","properties":{"cell_id":"oisst_174.625_-39.875","id":"oisst_174.625_-39.875","name":"oisst_174.625_-39.875","Name":"oisst_174.625_-39.875"},"geometry":{"type":"Polygon","coordinates":[[[174.4995,-40.0005],[174.4995,-39.7495],[174.7505,-39.7495],[174.7505,-40.0005],[174.4995,-40.0005]]]}},{"type":"Feature","id":"oisst_174.625_-40.125","properties":{"cell_id":"oisst_174.625_-40.125","id":"oisst_174.625_-40.125","name":"oisst_174.625_-40.125","Name":"oisst_174.625_-40.125"},"geometry":{"type":"Polygon","coordinates":[[[174.4995,-40.2505],[174.4995,-39.9995],[174.7505,-39.9995],[174.7505,-40.2505],[174.4995,-40.2505]]]}},{"type":"Feature","id":"oisst_174.625_-40.375","properties":{"cell_id":"oisst_174.625_-40.375","id":"oisst_174.625_-40.375","name":"oisst_174.625_-40.375","Name":"oisst_174.625_-40.375"},"geometry":{"type":"Polygon","coordinates":[[[174.4995,-40.5005],[174.4995,-40.2495],[174.7505,-40.2495],[174.7505,-40.5005],[174.4995,-40.5005]]]}},{"type":"Feature","id":"oisst_174.625_-40.625","properties":{"cell_id":"oisst_174.625_-40.625","id":"oisst_174.625_-40.625","name":"oisst_174.625_-40.625","Name":"oisst_174.625_-40.625"},"geometry":{"type":"Polygon","coordinates":[[[174.4995,-40.7505],[174.4995,-40.4995],[174.7505,-40.4995],[174.7505,-40.7505],[174.4995,-40.7505]]]}},{"type":"Feature","id":"oisst_174.625_-40.875","properties":{"cell_id":"oisst_174.625_-40.875","id":"oisst_174.625_-40.875","name":"oisst_174.625_-40.875","Name":"oisst_174.625_-40.875"},"geometry":{"type":"Polygon","coordinates":[[[174.4995,-41.0005],[174.4995,-40.7495],[174.7505,-40.7495],[174.7505,-41.0005],[174.4995,-41.0005]]]}},{"type":"Feature","id":"oisst_174.625_-41.125","properties":{"cell_id":"oisst_174.625_-41.125","id":"oisst_174.625_-41.125","name":"oisst_174.625_-41.125","Name":"oisst_174.625_-41.125"},"geometry":{"type":"Polygon","coordinates":[[[174.4995,-41.2505],[174.4995,-40.9995],[174.7505,-40.9995],[174.7505,-41.2505],[174.4995,-41.2505]]]}},{"type":"Feature","id":"oisst_174.625_-41.375","properties":{"cell_id":"oisst_174.625_-41.375","id":"oisst_174.625_-41.375","name":"oisst_174.625_-41.375","Name":"oisst_174.625_-41.375"},"geometry":{"type":"Polygon","coordinates":[[[174.4995,-41.5005],[174.4995,-41.2495],[174.7505,-41.2495],[174.7505,-41.5005],[174.4995,-41.5005]]]}},{"type":"Feature","id":"oisst_174.625_-41.625","properties":{"cell_id":"oisst_174.625_-41.625","id":"oisst_174.625_-41.625","name":"oisst_174.625_-41.625","Name":"oisst_174.625_-41.625"},"geometry":{"type":"Polygon","coordinates":[[[174.4995,-41.7505],[174.4995,-41.4995],[174.7505,-41.4995],[174.7505,-41.7505],[174.4995,-41.7505]]]}},{"type":"Feature","id":"oisst_174.625_-41.875","properties":{"cell_id":"oisst_174.625_-41.875","id":"oisst_174.625_-41.875","name":"oisst_174.625_-41.875","Name":"oisst_174.625_-41.875"},"geometry":{"type":"Polygon","coordinates":[[[174.4995,-42.0005],[174.4995,-41.7495],[174.7505,-41.7495],[174.7505,-42.0005],[174.4995,-42.0005]]]}},{"type":"Feature","id":"oisst_174.625_-42.125","properties":{"cell_id":"oisst_174.625_-42.125","id":"oisst_174.625_-42.125","name":"oisst_174.625_-42.125","Name":"oisst_174.625_-42.125"},"geometry":{"type":"Polygon","coordinates":[[[174.4995,-42.2505],[174.4995,-41.9995],[174.7505,-41.9995],[174.7505,-42.2505],[174.4995,-42.2505]]]}},{"type":"Feature","id":"oisst_174.625_-42.375","properties":{"cell_id":"oisst_174.625_-42.375","id":"oisst_174.625_-42.375","name":"oisst_174.625_-42.375","Name":"oisst_174.625_-42.375"},"geometry":{"type":"Polygon","coordinates":[[[174.4995,-42.5005],[174.4995,-42.2495],[174.7505,-42.2495],[174.7505,-42.5005],[174.4995,-42.5005]]]}},{"type":"Feature","id":"oisst_174.875_-34.875","properties":{"cell_id":"oisst_174.875_-34.875","id":"oisst_174.875_-34.875","name":"oisst_174.875_-34.875","Name":"oisst_174.875_-34.875"},"geometry":{"type":"Polygon","coordinates":[[[174.7495,-35.0005],[174.7495,-34.7495],[175.0005,-34.7495],[175.0005,-35.0005],[174.7495,-35.0005]]]}},{"type":"Feature","id":"oisst_174.875_-35.125","properties":{"cell_id":"oisst_174.875_-35.125","id":"oisst_174.875_-35.125","name":"oisst_174.875_-35.125","Name":"oisst_174.875_-35.125"},"geometry":{"type":"Polygon","coordinates":[[[174.7495,-35.2505],[174.7495,-34.9995],[175.0005,-34.9995],[175.0005,-35.2505],[174.7495,-35.2505]]]}},{"type":"Feature","id":"oisst_174.875_-35.375","properties":{"cell_id":"oisst_174.875_-35.375","id":"oisst_174.875_-35.375","name":"oisst_174.875_-35.375","Name":"oisst_174.875_-35.375"},"geometry":{"type":"Polygon","coordinates":[[[174.7495,-35.5005],[174.7495,-35.2495],[175.0005,-35.2495],[175.0005,-35.5005],[174.7495,-35.5005]]]}},{"type":"Feature","id":"oisst_174.875_-35.625","properties":{"cell_id":"oisst_174.875_-35.625","id":"oisst_174.875_-35.625","name":"oisst_174.875_-35.625","Name":"oisst_174.875_-35.625"},"geometry":{"type":"Polygon","coordinates":[[[174.7495,-35.7505],[174.7495,-35.4995],[175.0005,-35.4995],[175.0005,-35.7505],[174.7495,-35.7505]]]}},{"type":"Feature","id":"oisst_174.875_-35.875","properties":{"cell_id":"oisst_174.875_-35.875","id":"oisst_174.875_-35.875","name":"oisst_174.875_-35.875","Name":"oisst_174.875_-35.875"},"geometry":{"type":"Polygon","coordinates":[[[174.7495,-36.0005],[174.7495,-35.7495],[175.0005,-35.7495],[175.0005,-36.0005],[174.7495,-36.0005]]]}},{"type":"Feature","id":"oisst_174.875_-36.125","properties":{"cell_id":"oisst_174.875_-36.125","id":"oisst_174.875_-36.125","name":"oisst_174.875_-36.125","Name":"oisst_174.875_-36.125"},"geometry":{"type":"Polygon","coordinates":[[[174.7495,-36.2505],[174.7495,-35.9995],[175.0005,-35.9995],[175.0005,-36.2505],[174.7495,-36.2505]]]}},{"type":"Feature","id":"oisst_174.875_-36.375","properties":{"cell_id":"oisst_174.875_-36.375","id":"oisst_174.875_-36.375","name":"oisst_174.875_-36.375","Name":"oisst_174.875_-36.375"},"geometry":{"type":"Polygon","coordinates":[[[174.7495,-36.5005],[174.7495,-36.2495],[175.0005,-36.2495],[175.0005,-36.5005],[174.7495,-36.5005]]]}},{"type":"Feature","id":"oisst_174.875_-36.625","properties":{"cell_id":"oisst_174.875_-36.625","id":"oisst_174.875_-36.625","name":"oisst_174.875_-36.625","Name":"oisst_174.875_-36.625"},"geometry":{"type":"Polygon","coordinates":[[[174.7495,-36.7505],[174.7495,-36.4995],[175.0005,-36.4995],[175.0005,-36.7505],[174.7495,-36.7505]]]}},{"type":"Feature","id":"oisst_174.875_-40.125","properties":{"cell_id":"oisst_174.875_-40.125","id":"oisst_174.875_-40.125","name":"oisst_174.875_-40.125","Name":"oisst_174.875_-40.125"},"geometry":{"type":"Polygon","coordinates":[[[174.7495,-40.2505],[174.7495,-39.9995],[175.0005,-39.9995],[175.0005,-40.2505],[174.7495,-40.2505]]]}},{"type":"Feature","id":"oisst_174.875_-40.375","properties":{"cell_id":"oisst_174.875_-40.375","id":"oisst_174.875_-40.375","name":"oisst_174.875_-40.375","Name":"oisst_174.875_-40.375"},"geometry":{"type":"Polygon","coordinates":[[[174.7495,-40.5005],[174.7495,-40.2495],[175.0005,-40.2495],[175.0005,-40.5005],[174.7495,-40.5005]]]}},{"type":"Feature","id":"oisst_174.875_-40.625","properties":{"cell_id":"oisst_174.875_-40.625","id":"oisst_174.875_-40.625","name":"oisst_174.875_-40.625","Name":"oisst_174.875_-40.625"},"geometry":{"type":"Polygon","coordinates":[[[174.7495,-40.7505],[174.7495,-40.4995],[175.0005,-40.4995],[175.0005,-40.7505],[174.7495,-40.7505]]]}},{"type":"Feature","id":"oisst_174.875_-41.625","properties":{"cell_id":"oisst_174.875_-41.625","id":"oisst_174.875_-41.625","name":"oisst_174.875_-41.625","Name":"oisst_174.875_-41.625"},"geometry":{"type":"Polygon","coordinates":[[[174.7495,-41.7505],[174.7495,-41.4995],[175.0005,-41.4995],[175.0005,-41.7505],[174.7495,-41.7505]]]}},{"type":"Feature","id":"oisst_174.875_-41.875","properties":{"cell_id":"oisst_174.875_-41.875","id":"oisst_174.875_-41.875","name":"oisst_174.875_-41.875","Name":"oisst_174.875_-41.875"},"geometry":{"type":"Polygon","coordinates":[[[174.7495,-42.0005],[174.7495,-41.7495],[175.0005,-41.7495],[175.0005,-42.0005],[174.7495,-42.0005]]]}},{"type":"Feature","id":"oisst_174.875_-42.125","properties":{"cell_id":"oisst_174.875_-42.125","id":"oisst_174.875_-42.125","name":"oisst_174.875_-42.125","Name":"oisst_174.875_-42.125"},"geometry":{"type":"Polygon","coordinates":[[[174.7495,-42.2505],[174.7495,-41.9995],[175.0005,-41.9995],[175.0005,-42.2505],[174.7495,-42.2505]]]}},{"type":"Feature","id":"oisst_175.125_-34.875","properties":{"cell_id":"oisst_175.125_-34.875","id":"oisst_175.125_-34.875","name":"oisst_175.125_-34.875","Name":"oisst_175.125_-34.875"},"geometry":{"type":"Polygon","coordinates":[[[174.9995,-35.0005],[174.9995,-34.7495],[175.2505,-34.7495],[175.2505,-35.0005],[174.9995,-35.0005]]]}},{"type":"Feature","id":"oisst_175.125_-35.125","properties":{"cell_id":"oisst_175.125_-35.125","id":"oisst_175.125_-35.125","name":"oisst_175.125_-35.125","Name":"oisst_175.125_-35.125"},"geometry":{"type":"Polygon","coordinates":[[[174.9995,-35.2505],[174.9995,-34.9995],[175.2505,-34.9995],[175.2505,-35.2505],[174.9995,-35.2505]]]}},{"type":"Feature","id":"oisst_175.125_-35.375","properties":{"cell_id":"oisst_175.125_-35.375","id":"oisst_175.125_-35.375","name":"oisst_175.125_-35.375","Name":"oisst_175.125_-35.375"},"geometry":{"type":"Polygon","coordinates":[[[174.9995,-35.5005],[174.9995,-35.2495],[175.2505,-35.2495],[175.2505,-35.5005],[174.9995,-35.5005]]]}},{"type":"Feature","id":"oisst_175.125_-35.625","properties":{"cell_id":"oisst_175.125_-35.625","id":"oisst_175.125_-35.625","name":"oisst_175.125_-35.625","Name":"oisst_175.125_-35.625"},"geometry":{"type":"Polygon","coordinates":[[[174.9995,-35.7505],[174.9995,-35.4995],[175.2505,-35.4995],[175.2505,-35.7505],[174.9995,-35.7505]]]}},{"type":"Feature","id":"oisst_175.125_-35.875","properties":{"cell_id":"oisst_175.125_-35.875","id":"oisst_175.125_-35.875","name":"oisst_175.125_-35.875","Name":"oisst_175.125_-35.875"},"geometry":{"type":"Polygon","coordinates":[[[174.9995,-36.0005],[174.9995,-35.7495],[175.2505,-35.7495],[175.2505,-36.0005],[174.9995,-36.0005]]]}},{"type":"Feature","id":"oisst_175.125_-36.125","properties":{"cell_id":"oisst_175.125_-36.125","id":"oisst_175.125_-36.125","name":"oisst_175.125_-36.125","Name":"oisst_175.125_-36.125"},"geometry":{"type":"Polygon","coordinates":[[[174.9995,-36.2505],[174.9995,-35.9995],[175.2505,-35.9995],[175.2505,-36.2505],[174.9995,-36.2505]]]}},{"type":"Feature","id":"oisst_175.125_-36.375","properties":{"cell_id":"oisst_175.125_-36.375","id":"oisst_175.125_-36.375","name":"oisst_175.125_-36.375","Name":"oisst_175.125_-36.375"},"geometry":{"type":"Polygon","coordinates":[[[174.9995,-36.5005],[174.9995,-36.2495],[175.2505,-36.2495],[175.2505,-36.5005],[174.9995,-36.5005]]]}},{"type":"Feature","id":"oisst_175.125_-36.625","properties":{"cell_id":"oisst_175.125_-36.625","id":"oisst_175.125_-36.625","name":"oisst_175.125_-36.625","Name":"oisst_175.125_-36.625"},"geometry":{"type":"Polygon","coordinates":[[[174.9995,-36.7505],[174.9995,-36.4995],[175.2505,-36.4995],[175.2505,-36.7505],[174.9995,-36.7505]]]}},{"type":"Feature","id":"oisst_175.125_-40.125","properties":{"cell_id":"oisst_175.125_-40.125","id":"oisst_175.125_-40.125","name":"oisst_175.125_-40.125","Name":"oisst_175.125_-40.125"},"geometry":{"type":"Polygon","coordinates":[[[174.9995,-40.2505],[174.9995,-39.9995],[175.2505,-39.9995],[175.2505,-40.2505],[174.9995,-40.2505]]]}},{"type":"Feature","id":"oisst_175.125_-40.375","properties":{"cell_id":"oisst_175.125_-40.375","id":"oisst_175.125_-40.375","name":"oisst_175.125_-40.375","Name":"oisst_175.125_-40.375"},"geometry":{"type":"Polygon","coordinates":[[[174.9995,-40.5005],[174.9995,-40.2495],[175.2505,-40.2495],[175.2505,-40.5005],[174.9995,-40.5005]]]}},{"type":"Feature","id":"oisst_175.125_-40.625","properties":{"cell_id":"oisst_175.125_-40.625","id":"oisst_175.125_-40.625","name":"oisst_175.125_-40.625","Name":"oisst_175.125_-40.625"},"geometry":{"type":"Polygon","coordinates":[[[174.9995,-40.7505],[174.9995,-40.4995],[175.2505,-40.4995],[175.2505,-40.7505],[174.9995,-40.7505]]]}},{"type":"Feature","id":"oisst_175.125_-41.625","properties":{"cell_id":"oisst_175.125_-41.625","id":"oisst_175.125_-41.625","name":"oisst_175.125_-41.625","Name":"oisst_175.125_-41.625"},"geometry":{"type":"Polygon","coordinates":[[[174.9995,-41.7505],[174.9995,-41.4995],[175.2505,-41.4995],[175.2505,-41.7505],[174.9995,-41.7505]]]}},{"type":"Feature","id":"oisst_175.125_-41.875","properties":{"cell_id":"oisst_175.125_-41.875","id":"oisst_175.125_-41.875","name":"oisst_175.125_-41.875","Name":"oisst_175.125_-41.875"},"geometry":{"type":"Polygon","coordinates":[[[174.9995,-42.0005],[174.9995,-41.7495],[175.2505,-41.7495],[175.2505,-42.0005],[174.9995,-42.0005]]]}},{"type":"Feature","id":"oisst_175.125_-42.125","properties":{"cell_id":"oisst_175.125_-42.125","id":"oisst_175.125_-42.125","name":"oisst_175.125_-42.125","Name":"oisst_175.125_-42.125"},"geometry":{"type":"Polygon","coordinates":[[[174.9995,-42.2505],[174.9995,-41.9995],[175.2505,-41.9995],[175.2505,-42.2505],[174.9995,-42.2505]]]}},{"type":"Feature","id":"oisst_175.375_-35.125","properties":{"cell_id":"oisst_175.375_-35.125","id":"oisst_175.375_-35.125","name":"oisst_175.375_-35.125","Name":"oisst_175.375_-35.125"},"geometry":{"type":"Polygon","coordinates":[[[175.2495,-35.2505],[175.2495,-34.9995],[175.5005,-34.9995],[175.5005,-35.2505],[175.2495,-35.2505]]]}},{"type":"Feature","id":"oisst_175.375_-35.375","properties":{"cell_id":"oisst_175.375_-35.375","id":"oisst_175.375_-35.375","name":"oisst_175.375_-35.375","Name":"oisst_175.375_-35.375"},"geometry":{"type":"Polygon","coordinates":[[[175.2495,-35.5005],[175.2495,-35.2495],[175.5005,-35.2495],[175.5005,-35.5005],[175.2495,-35.5005]]]}},{"type":"Feature","id":"oisst_175.375_-35.625","properties":{"cell_id":"oisst_175.375_-35.625","id":"oisst_175.375_-35.625","name":"oisst_175.375_-35.625","Name":"oisst_175.375_-35.625"},"geometry":{"type":"Polygon","coordinates":[[[175.2495,-35.7505],[175.2495,-35.4995],[175.5005,-35.4995],[175.5005,-35.7505],[175.2495,-35.7505]]]}},{"type":"Feature","id":"oisst_175.375_-35.875","properties":{"cell_id":"oisst_175.375_-35.875","id":"oisst_175.375_-35.875","name":"oisst_175.375_-35.875","Name":"oisst_175.375_-35.875"},"geometry":{"type":"Polygon","coordinates":[[[175.2495,-36.0005],[175.2495,-35.7495],[175.5005,-35.7495],[175.5005,-36.0005],[175.2495,-36.0005]]]}},{"type":"Feature","id":"oisst_175.375_-36.375","properties":{"cell_id":"oisst_175.375_-36.375","id":"oisst_175.375_-36.375","name":"oisst_175.375_-36.375","Name":"oisst_175.375_-36.375"},"geometry":{"type":"Polygon","coordinates":[[[175.2495,-36.5005],[175.2495,-36.2495],[175.5005,-36.2495],[175.5005,-36.5005],[175.2495,-36.5005]]]}},{"type":"Feature","id":"oisst_175.375_-36.625","properties":{"cell_id":"oisst_175.375_-36.625","id":"oisst_175.375_-36.625","name":"oisst_175.375_-36.625","Name":"oisst_175.375_-36.625"},"geometry":{"type":"Polygon","coordinates":[[[175.2495,-36.7505],[175.2495,-36.4995],[175.5005,-36.4995],[175.5005,-36.7505],[175.2495,-36.7505]]]}},{"type":"Feature","id":"oisst_175.375_-36.875","properties":{"cell_id":"oisst_175.375_-36.875","id":"oisst_175.375_-36.875","name":"oisst_175.375_-36.875","Name":"oisst_175.375_-36.875"},"geometry":{"type":"Polygon","coordinates":[[[175.2495,-37.0005],[175.2495,-36.7495],[175.5005,-36.7495],[175.5005,-37.0005],[175.2495,-37.0005]]]}},{"type":"Feature","id":"oisst_175.375_-37.125","properties":{"cell_id":"oisst_175.375_-37.125","id":"oisst_175.375_-37.125","name":"oisst_175.375_-37.125","Name":"oisst_175.375_-37.125"},"geometry":{"type":"Polygon","coordinates":[[[175.2495,-37.2505],[175.2495,-36.9995],[175.5005,-36.9995],[175.5005,-37.2505],[175.2495,-37.2505]]]}},{"type":"Feature","id":"oisst_175.375_-41.625","properties":{"cell_id":"oisst_175.375_-41.625","id":"oisst_175.375_-41.625","name":"oisst_175.375_-41.625","Name":"oisst_175.375_-41.625"},"geometry":{"type":"Polygon","coordinates":[[[175.2495,-41.7505],[175.2495,-41.4995],[175.5005,-41.4995],[175.5005,-41.7505],[175.2495,-41.7505]]]}},{"type":"Feature","id":"oisst_175.375_-41.875","properties":{"cell_id":"oisst_175.375_-41.875","id":"oisst_175.375_-41.875","name":"oisst_175.375_-41.875","Name":"oisst_175.375_-41.875"},"geometry":{"type":"Polygon","coordinates":[[[175.2495,-42.0005],[175.2495,-41.7495],[175.5005,-41.7495],[175.5005,-42.0005],[175.2495,-42.0005]]]}},{"type":"Feature","id":"oisst_175.375_-42.125","properties":{"cell_id":"oisst_175.375_-42.125","id":"oisst_175.375_-42.125","name":"oisst_175.375_-42.125","Name":"oisst_175.375_-42.125"},"geometry":{"type":"Polygon","coordinates":[[[175.2495,-42.2505],[175.2495,-41.9995],[175.5005,-41.9995],[175.5005,-42.2505],[175.2495,-42.2505]]]}},{"type":"Feature","id":"oisst_175.625_-35.375","properties":{"cell_id":"oisst_175.625_-35.375","id":"oisst_175.625_-35.375","name":"oisst_175.625_-35.375","Name":"oisst_175.625_-35.375"},"geometry":{"type":"Polygon","coordinates":[[[175.4995,-35.5005],[175.4995,-35.2495],[175.7505,-35.2495],[175.7505,-35.5005],[175.4995,-35.5005]]]}},{"type":"Feature","id":"oisst_175.625_-35.625","properties":{"cell_id":"oisst_175.625_-35.625","id":"oisst_175.625_-35.625","name":"oisst_175.625_-35.625","Name":"oisst_175.625_-35.625"},"geometry":{"type":"Polygon","coordinates":[[[175.4995,-35.7505],[175.4995,-35.4995],[175.7505,-35.4995],[175.7505,-35.7505],[175.4995,-35.7505]]]}},{"type":"Feature","id":"oisst_175.625_-35.875","properties":{"cell_id":"oisst_175.625_-35.875","id":"oisst_175.625_-35.875","name":"oisst_175.625_-35.875","Name":"oisst_175.625_-35.875"},"geometry":{"type":"Polygon","coordinates":[[[175.4995,-36.0005],[175.4995,-35.7495],[175.7505,-35.7495],[175.7505,-36.0005],[175.4995,-36.0005]]]}},{"type":"Feature","id":"oisst_175.625_-36.125","properties":{"cell_id":"oisst_175.625_-36.125","id":"oisst_175.625_-36.125","name":"oisst_175.625_-36.125","Name":"oisst_175.625_-36.125"},"geometry":{"type":"Polygon","coordinates":[[[175.4995,-36.2505],[175.4995,-35.9995],[175.7505,-35.9995],[175.7505,-36.2505],[175.4995,-36.2505]]]}},{"type":"Feature","id":"oisst_175.625_-36.375","properties":{"cell_id":"oisst_175.625_-36.375","id":"oisst_175.625_-36.375","name":"oisst_175.625_-36.375","Name":"oisst_175.625_-36.375"},"geometry":{"type":"Polygon","coordinates":[[[175.4995,-36.5005],[175.4995,-36.2495],[175.7505,-36.2495],[175.7505,-36.5005],[175.4995,-36.5005]]]}},{"type":"Feature","id":"oisst_175.625_-36.625","properties":{"cell_id":"oisst_175.625_-36.625","id":"oisst_175.625_-36.625","name":"oisst_175.625_-36.625","Name":"oisst_175.625_-36.625"},"geometry":{"type":"Polygon","coordinates":[[[175.4995,-36.7505],[175.4995,-36.4995],[175.7505,-36.4995],[175.7505,-36.7505],[175.4995,-36.7505]]]}},{"type":"Feature","id":"oisst_175.625_-41.625","properties":{"cell_id":"oisst_175.625_-41.625","id":"oisst_175.625_-41.625","name":"oisst_175.625_-41.625","Name":"oisst_175.625_-41.625"},"geometry":{"type":"Polygon","coordinates":[[[175.4995,-41.7505],[175.4995,-41.4995],[175.7505,-41.4995],[175.7505,-41.7505],[175.4995,-41.7505]]]}},{"type":"Feature","id":"oisst_175.625_-41.875","properties":{"cell_id":"oisst_175.625_-41.875","id":"oisst_175.625_-41.875","name":"oisst_175.625_-41.875","Name":"oisst_175.625_-41.875"},"geometry":{"type":"Polygon","coordinates":[[[175.4995,-42.0005],[175.4995,-41.7495],[175.7505,-41.7495],[175.7505,-42.0005],[175.4995,-42.0005]]]}},{"type":"Feature","id":"oisst_175.625_-42.125","properties":{"cell_id":"oisst_175.625_-42.125","id":"oisst_175.625_-42.125","name":"oisst_175.625_-42.125","Name":"oisst_175.625_-42.125"},"geometry":{"type":"Polygon","coordinates":[[[175.4995,-42.2505],[175.4995,-41.9995],[175.7505,-41.9995],[175.7505,-42.2505],[175.4995,-42.2505]]]}},{"type":"Feature","id":"oisst_175.875_-35.625","properties":{"cell_id":"oisst_175.875_-35.625","id":"oisst_175.875_-35.625","name":"oisst_175.875_-35.625","Name":"oisst_175.875_-35.625"},"geometry":{"type":"Polygon","coordinates":[[[175.7495,-35.7505],[175.7495,-35.4995],[176.0005,-35.4995],[176.0005,-35.7505],[175.7495,-35.7505]]]}},{"type":"Feature","id":"oisst_175.875_-35.875","properties":{"cell_id":"oisst_175.875_-35.875","id":"oisst_175.875_-35.875","name":"oisst_175.875_-35.875","Name":"oisst_175.875_-35.875"},"geometry":{"type":"Polygon","coordinates":[[[175.7495,-36.0005],[175.7495,-35.7495],[176.0005,-35.7495],[176.0005,-36.0005],[175.7495,-36.0005]]]}},{"type":"Feature","id":"oisst_175.875_-36.125","properties":{"cell_id":"oisst_175.875_-36.125","id":"oisst_175.875_-36.125","name":"oisst_175.875_-36.125","Name":"oisst_175.875_-36.125"},"geometry":{"type":"Polygon","coordinates":[[[175.7495,-36.2505],[175.7495,-35.9995],[176.0005,-35.9995],[176.0005,-36.2505],[175.7495,-36.2505]]]}},{"type":"Feature","id":"oisst_175.875_-36.375","properties":{"cell_id":"oisst_175.875_-36.375","id":"oisst_175.875_-36.375","name":"oisst_175.875_-36.375","Name":"oisst_175.875_-36.375"},"geometry":{"type":"Polygon","coordinates":[[[175.7495,-36.5005],[175.7495,-36.2495],[176.0005,-36.2495],[176.0005,-36.5005],[175.7495,-36.5005]]]}},{"type":"Feature","id":"oisst_175.875_-36.625","properties":{"cell_id":"oisst_175.875_-36.625","id":"oisst_175.875_-36.625","name":"oisst_175.875_-36.625","Name":"oisst_175.875_-36.625"},"geometry":{"type":"Polygon","coordinates":[[[175.7495,-36.7505],[175.7495,-36.4995],[176.0005,-36.4995],[176.0005,-36.7505],[175.7495,-36.7505]]]}},{"type":"Feature","id":"oisst_175.875_-36.875","properties":{"cell_id":"oisst_175.875_-36.875","id":"oisst_175.875_-36.875","name":"oisst_175.875_-36.875","Name":"oisst_175.875_-36.875"},"geometry":{"type":"Polygon","coordinates":[[[175.7495,-37.0005],[175.7495,-36.7495],[176.0005,-36.7495],[176.0005,-37.0005],[175.7495,-37.0005]]]}},{"type":"Feature","id":"oisst_175.875_-41.375","properties":{"cell_id":"oisst_175.875_-41.375","id":"oisst_175.875_-41.375","name":"oisst_175.875_-41.375","Name":"oisst_175.875_-41.375"},"geometry":{"type":"Polygon","coordinates":[[[175.7495,-41.5005],[175.7495,-41.2495],[176.0005,-41.2495],[176.0005,-41.5005],[175.7495,-41.5005]]]}},{"type":"Feature","id":"oisst_175.875_-41.625","properties":{"cell_id":"oisst_175.875_-41.625","id":"oisst_175.875_-41.625","name":"oisst_175.875_-41.625","Name":"oisst_175.875_-41.625"},"geometry":{"type":"Polygon","coordinates":[[[175.7495,-41.7505],[175.7495,-41.4995],[176.0005,-41.4995],[176.0005,-41.7505],[175.7495,-41.7505]]]}},{"type":"Feature","id":"oisst_175.875_-41.875","properties":{"cell_id":"oisst_175.875_-41.875","id":"oisst_175.875_-41.875","name":"oisst_175.875_-41.875","Name":"oisst_175.875_-41.875"},"geometry":{"type":"Polygon","coordinates":[[[175.7495,-42.0005],[175.7495,-41.7495],[176.0005,-41.7495],[176.0005,-42.0005],[175.7495,-42.0005]]]}},{"type":"Feature","id":"oisst_175.875_-42.125","properties":{"cell_id":"oisst_175.875_-42.125","id":"oisst_175.875_-42.125","name":"oisst_175.875_-42.125","Name":"oisst_175.875_-42.125"},"geometry":{"type":"Polygon","coordinates":[[[175.7495,-42.2505],[175.7495,-41.9995],[176.0005,-41.9995],[176.0005,-42.2505],[175.7495,-42.2505]]]}},{"type":"Feature","id":"oisst_176.125_-35.875","properties":{"cell_id":"oisst_176.125_-35.875","id":"oisst_176.125_-35.875","name":"oisst_176.125_-35.875","Name":"oisst_176.125_-35.875"},"geometry":{"type":"Polygon","coordinates":[[[175.9995,-36.0005],[175.9995,-35.7495],[176.2505,-35.7495],[176.2505,-36.0005],[175.9995,-36.0005]]]}},{"type":"Feature","id":"oisst_176.125_-36.125","properties":{"cell_id":"oisst_176.125_-36.125","id":"oisst_176.125_-36.125","name":"oisst_176.125_-36.125","Name":"oisst_176.125_-36.125"},"geometry":{"type":"Polygon","coordinates":[[[175.9995,-36.2505],[175.9995,-35.9995],[176.2505,-35.9995],[176.2505,-36.2505],[175.9995,-36.2505]]]}},{"type":"Feature","id":"oisst_176.125_-36.375","properties":{"cell_id":"oisst_176.125_-36.375","id":"oisst_176.125_-36.375","name":"oisst_176.125_-36.375","Name":"oisst_176.125_-36.375"},"geometry":{"type":"Polygon","coordinates":[[[175.9995,-36.5005],[175.9995,-36.2495],[176.2505,-36.2495],[176.2505,-36.5005],[175.9995,-36.5005]]]}},{"type":"Feature","id":"oisst_176.125_-36.625","properties":{"cell_id":"oisst_176.125_-36.625","id":"oisst_176.125_-36.625","name":"oisst_176.125_-36.625","Name":"oisst_176.125_-36.625"},"geometry":{"type":"Polygon","coordinates":[[[175.9995,-36.7505],[175.9995,-36.4995],[176.2505,-36.4995],[176.2505,-36.7505],[175.9995,-36.7505]]]}},{"type":"Feature","id":"oisst_176.125_-36.875","properties":{"cell_id":"oisst_176.125_-36.875","id":"oisst_176.125_-36.875","name":"oisst_176.125_-36.875","Name":"oisst_176.125_-36.875"},"geometry":{"type":"Polygon","coordinates":[[[175.9995,-37.0005],[175.9995,-36.7495],[176.2505,-36.7495],[176.2505,-37.0005],[175.9995,-37.0005]]]}},{"type":"Feature","id":"oisst_176.125_-37.125","properties":{"cell_id":"oisst_176.125_-37.125","id":"oisst_176.125_-37.125","name":"oisst_176.125_-37.125","Name":"oisst_176.125_-37.125"},"geometry":{"type":"Polygon","coordinates":[[[175.9995,-37.2505],[175.9995,-36.9995],[176.2505,-36.9995],[176.2505,-37.2505],[175.9995,-37.2505]]]}},{"type":"Feature","id":"oisst_176.125_-37.375","properties":{"cell_id":"oisst_176.125_-37.375","id":"oisst_176.125_-37.375","name":"oisst_176.125_-37.375","Name":"oisst_176.125_-37.375"},"geometry":{"type":"Polygon","coordinates":[[[175.9995,-37.5005],[175.9995,-37.2495],[176.2505,-37.2495],[176.2505,-37.5005],[175.9995,-37.5005]]]}},{"type":"Feature","id":"oisst_176.125_-37.625","properties":{"cell_id":"oisst_176.125_-37.625","id":"oisst_176.125_-37.625","name":"oisst_176.125_-37.625","Name":"oisst_176.125_-37.625"},"geometry":{"type":"Polygon","coordinates":[[[175.9995,-37.7505],[175.9995,-37.4995],[176.2505,-37.4995],[176.2505,-37.7505],[175.9995,-37.7505]]]}},{"type":"Feature","id":"oisst_176.125_-41.125","properties":{"cell_id":"oisst_176.125_-41.125","id":"oisst_176.125_-41.125","name":"oisst_176.125_-41.125","Name":"oisst_176.125_-41.125"},"geometry":{"type":"Polygon","coordinates":[[[175.9995,-41.2505],[175.9995,-40.9995],[176.2505,-40.9995],[176.2505,-41.2505],[175.9995,-41.2505]]]}},{"type":"Feature","id":"oisst_176.125_-41.375","properties":{"cell_id":"oisst_176.125_-41.375","id":"oisst_176.125_-41.375","name":"oisst_176.125_-41.375","Name":"oisst_176.125_-41.375"},"geometry":{"type":"Polygon","coordinates":[[[175.9995,-41.5005],[175.9995,-41.2495],[176.2505,-41.2495],[176.2505,-41.5005],[175.9995,-41.5005]]]}},{"type":"Feature","id":"oisst_176.125_-41.625","properties":{"cell_id":"oisst_176.125_-41.625","id":"oisst_176.125_-41.625","name":"oisst_176.125_-41.625","Name":"oisst_176.125_-41.625"},"geometry":{"type":"Polygon","coordinates":[[[175.9995,-41.7505],[175.9995,-41.4995],[176.2505,-41.4995],[176.2505,-41.7505],[175.9995,-41.7505]]]}},{"type":"Feature","id":"oisst_176.125_-41.875","properties":{"cell_id":"oisst_176.125_-41.875","id":"oisst_176.125_-41.875","name":"oisst_176.125_-41.875","Name":"oisst_176.125_-41.875"},"geometry":{"type":"Polygon","coordinates":[[[175.9995,-42.0005],[175.9995,-41.7495],[176.2505,-41.7495],[176.2505,-42.0005],[175.9995,-42.0005]]]}},{"type":"Feature","id":"oisst_176.375_-36.125","properties":{"cell_id":"oisst_176.375_-36.125","id":"oisst_176.375_-36.125","name":"oisst_176.375_-36.125","Name":"oisst_176.375_-36.125"},"geometry":{"type":"Polygon","coordinates":[[[176.2495,-36.2505],[176.2495,-35.9995],[176.5005,-35.9995],[176.5005,-36.2505],[176.2495,-36.2505]]]}},{"type":"Feature","id":"oisst_176.375_-36.375","properties":{"cell_id":"oisst_176.375_-36.375","id":"oisst_176.375_-36.375","name":"oisst_176.375_-36.375","Name":"oisst_176.375_-36.375"},"geometry":{"type":"Polygon","coordinates":[[[176.2495,-36.5005],[176.2495,-36.2495],[176.5005,-36.2495],[176.5005,-36.5005],[176.2495,-36.5005]]]}},{"type":"Feature","id":"oisst_176.375_-36.625","properties":{"cell_id":"oisst_176.375_-36.625","id":"oisst_176.375_-36.625","name":"oisst_176.375_-36.625","Name":"oisst_176.375_-36.625"},"geometry":{"type":"Polygon","coordinates":[[[176.2495,-36.7505],[176.2495,-36.4995],[176.5005,-36.4995],[176.5005,-36.7505],[176.2495,-36.7505]]]}},{"type":"Feature","id":"oisst_176.375_-36.875","properties":{"cell_id":"oisst_176.375_-36.875","id":"oisst_176.375_-36.875","name":"oisst_176.375_-36.875","Name":"oisst_176.375_-36.875"},"geometry":{"type":"Polygon","coordinates":[[[176.2495,-37.0005],[176.2495,-36.7495],[176.5005,-36.7495],[176.5005,-37.0005],[176.2495,-37.0005]]]}},{"type":"Feature","id":"oisst_176.375_-37.125","properties":{"cell_id":"oisst_176.375_-37.125","id":"oisst_176.375_-37.125","name":"oisst_176.375_-37.125","Name":"oisst_176.375_-37.125"},"geometry":{"type":"Polygon","coordinates":[[[176.2495,-37.2505],[176.2495,-36.9995],[176.5005,-36.9995],[176.5005,-37.2505],[176.2495,-37.2505]]]}},{"type":"Feature","id":"oisst_176.375_-37.375","properties":{"cell_id":"oisst_176.375_-37.375","id":"oisst_176.375_-37.375","name":"oisst_176.375_-37.375","Name":"oisst_176.375_-37.375"},"geometry":{"type":"Polygon","coordinates":[[[176.2495,-37.5005],[176.2495,-37.2495],[176.5005,-37.2495],[176.5005,-37.5005],[176.2495,-37.5005]]]}},{"type":"Feature","id":"oisst_176.375_-37.625","properties":{"cell_id":"oisst_176.375_-37.625","id":"oisst_176.375_-37.625","name":"oisst_176.375_-37.625","Name":"oisst_176.375_-37.625"},"geometry":{"type":"Polygon","coordinates":[[[176.2495,-37.7505],[176.2495,-37.4995],[176.5005,-37.4995],[176.5005,-37.7505],[176.2495,-37.7505]]]}},{"type":"Feature","id":"oisst_176.375_-40.875","properties":{"cell_id":"oisst_176.375_-40.875","id":"oisst_176.375_-40.875","name":"oisst_176.375_-40.875","Name":"oisst_176.375_-40.875"},"geometry":{"type":"Polygon","coordinates":[[[176.2495,-41.0005],[176.2495,-40.7495],[176.5005,-40.7495],[176.5005,-41.0005],[176.2495,-41.0005]]]}},{"type":"Feature","id":"oisst_176.375_-41.125","properties":{"cell_id":"oisst_176.375_-41.125","id":"oisst_176.375_-41.125","name":"oisst_176.375_-41.125","Name":"oisst_176.375_-41.125"},"geometry":{"type":"Polygon","coordinates":[[[176.2495,-41.2505],[176.2495,-40.9995],[176.5005,-40.9995],[176.5005,-41.2505],[176.2495,-41.2505]]]}},{"type":"Feature","id":"oisst_176.375_-41.375","properties":{"cell_id":"oisst_176.375_-41.375","id":"oisst_176.375_-41.375","name":"oisst_176.375_-41.375","Name":"oisst_176.375_-41.375"},"geometry":{"type":"Polygon","coordinates":[[[176.2495,-41.5005],[176.2495,-41.2495],[176.5005,-41.2495],[176.5005,-41.5005],[176.2495,-41.5005]]]}},{"type":"Feature","id":"oisst_176.375_-41.625","properties":{"cell_id":"oisst_176.375_-41.625","id":"oisst_176.375_-41.625","name":"oisst_176.375_-41.625","Name":"oisst_176.375_-41.625"},"geometry":{"type":"Polygon","coordinates":[[[176.2495,-41.7505],[176.2495,-41.4995],[176.5005,-41.4995],[176.5005,-41.7505],[176.2495,-41.7505]]]}},{"type":"Feature","id":"oisst_176.375_-41.875","properties":{"cell_id":"oisst_176.375_-41.875","id":"oisst_176.375_-41.875","name":"oisst_176.375_-41.875","Name":"oisst_176.375_-41.875"},"geometry":{"type":"Polygon","coordinates":[[[176.2495,-42.0005],[176.2495,-41.7495],[176.5005,-41.7495],[176.5005,-42.0005],[176.2495,-42.0005]]]}},{"type":"Feature","id":"oisst_176.625_-36.375","properties":{"cell_id":"oisst_176.625_-36.375","id":"oisst_176.625_-36.375","name":"oisst_176.625_-36.375","Name":"oisst_176.625_-36.375"},"geometry":{"type":"Polygon","coordinates":[[[176.4995,-36.5005],[176.4995,-36.2495],[176.7505,-36.2495],[176.7505,-36.5005],[176.4995,-36.5005]]]}},{"type":"Feature","id":"oisst_176.625_-36.625","properties":{"cell_id":"oisst_176.625_-36.625","id":"oisst_176.625_-36.625","name":"oisst_176.625_-36.625","Name":"oisst_176.625_-36.625"},"geometry":{"type":"Polygon","coordinates":[[[176.4995,-36.7505],[176.4995,-36.4995],[176.7505,-36.4995],[176.7505,-36.7505],[176.4995,-36.7505]]]}},{"type":"Feature","id":"oisst_176.625_-36.875","properties":{"cell_id":"oisst_176.625_-36.875","id":"oisst_176.625_-36.875","name":"oisst_176.625_-36.875","Name":"oisst_176.625_-36.875"},"geometry":{"type":"Polygon","coordinates":[[[176.4995,-37.0005],[176.4995,-36.7495],[176.7505,-36.7495],[176.7505,-37.0005],[176.4995,-37.0005]]]}},{"type":"Feature","id":"oisst_176.625_-37.125","properties":{"cell_id":"oisst_176.625_-37.125","id":"oisst_176.625_-37.125","name":"oisst_176.625_-37.125","Name":"oisst_176.625_-37.125"},"geometry":{"type":"Polygon","coordinates":[[[176.4995,-37.2505],[176.4995,-36.9995],[176.7505,-36.9995],[176.7505,-37.2505],[176.4995,-37.2505]]]}},{"type":"Feature","id":"oisst_176.625_-37.375","properties":{"cell_id":"oisst_176.625_-37.375","id":"oisst_176.625_-37.375","name":"oisst_176.625_-37.375","Name":"oisst_176.625_-37.375"},"geometry":{"type":"Polygon","coordinates":[[[176.4995,-37.5005],[176.4995,-37.2495],[176.7505,-37.2495],[176.7505,-37.5005],[176.4995,-37.5005]]]}},{"type":"Feature","id":"oisst_176.625_-37.625","properties":{"cell_id":"oisst_176.625_-37.625","id":"oisst_176.625_-37.625","name":"oisst_176.625_-37.625","Name":"oisst_176.625_-37.625"},"geometry":{"type":"Polygon","coordinates":[[[176.4995,-37.7505],[176.4995,-37.4995],[176.7505,-37.4995],[176.7505,-37.7505],[176.4995,-37.7505]]]}},{"type":"Feature","id":"oisst_176.625_-40.625","properties":{"cell_id":"oisst_176.625_-40.625","id":"oisst_176.625_-40.625","name":"oisst_176.625_-40.625","Name":"oisst_176.625_-40.625"},"geometry":{"type":"Polygon","coordinates":[[[176.4995,-40.7505],[176.4995,-40.4995],[176.7505,-40.4995],[176.7505,-40.7505],[176.4995,-40.7505]]]}},{"type":"Feature","id":"oisst_176.625_-40.875","properties":{"cell_id":"oisst_176.625_-40.875","id":"oisst_176.625_-40.875","name":"oisst_176.625_-40.875","Name":"oisst_176.625_-40.875"},"geometry":{"type":"Polygon","coordinates":[[[176.4995,-41.0005],[176.4995,-40.7495],[176.7505,-40.7495],[176.7505,-41.0005],[176.4995,-41.0005]]]}},{"type":"Feature","id":"oisst_176.625_-41.125","properties":{"cell_id":"oisst_176.625_-41.125","id":"oisst_176.625_-41.125","name":"oisst_176.625_-41.125","Name":"oisst_176.625_-41.125"},"geometry":{"type":"Polygon","coordinates":[[[176.4995,-41.2505],[176.4995,-40.9995],[176.7505,-40.9995],[176.7505,-41.2505],[176.4995,-41.2505]]]}},{"type":"Feature","id":"oisst_176.625_-41.375","properties":{"cell_id":"oisst_176.625_-41.375","id":"oisst_176.625_-41.375","name":"oisst_176.625_-41.375","Name":"oisst_176.625_-41.375"},"geometry":{"type":"Polygon","coordinates":[[[176.4995,-41.5005],[176.4995,-41.2495],[176.7505,-41.2495],[176.7505,-41.5005],[176.4995,-41.5005]]]}},{"type":"Feature","id":"oisst_176.625_-41.625","properties":{"cell_id":"oisst_176.625_-41.625","id":"oisst_176.625_-41.625","name":"oisst_176.625_-41.625","Name":"oisst_176.625_-41.625"},"geometry":{"type":"Polygon","coordinates":[[[176.4995,-41.7505],[176.4995,-41.4995],[176.7505,-41.4995],[176.7505,-41.7505],[176.4995,-41.7505]]]}},{"type":"Feature","id":"oisst_176.875_-36.875","properties":{"cell_id":"oisst_176.875_-36.875","id":"oisst_176.875_-36.875","name":"oisst_176.875_-36.875","Name":"oisst_176.875_-36.875"},"geometry":{"type":"Polygon","coordinates":[[[176.7495,-37.0005],[176.7495,-36.7495],[177.0005,-36.7495],[177.0005,-37.0005],[176.7495,-37.0005]]]}},{"type":"Feature","id":"oisst_176.875_-37.125","properties":{"cell_id":"oisst_176.875_-37.125","id":"oisst_176.875_-37.125","name":"oisst_176.875_-37.125","Name":"oisst_176.875_-37.125"},"geometry":{"type":"Polygon","coordinates":[[[176.7495,-37.2505],[176.7495,-36.9995],[177.0005,-36.9995],[177.0005,-37.2505],[176.7495,-37.2505]]]}},{"type":"Feature","id":"oisst_176.875_-37.375","properties":{"cell_id":"oisst_176.875_-37.375","id":"oisst_176.875_-37.375","name":"oisst_176.875_-37.375","Name":"oisst_176.875_-37.375"},"geometry":{"type":"Polygon","coordinates":[[[176.7495,-37.5005],[176.7495,-37.2495],[177.0005,-37.2495],[177.0005,-37.5005],[176.7495,-37.5005]]]}},{"type":"Feature","id":"oisst_176.875_-37.625","properties":{"cell_id":"oisst_176.875_-37.625","id":"oisst_176.875_-37.625","name":"oisst_176.875_-37.625","Name":"oisst_176.875_-37.625"},"geometry":{"type":"Polygon","coordinates":[[[176.7495,-37.7505],[176.7495,-37.4995],[177.0005,-37.4995],[177.0005,-37.7505],[176.7495,-37.7505]]]}},{"type":"Feature","id":"oisst_176.875_-37.875","properties":{"cell_id":"oisst_176.875_-37.875","id":"oisst_176.875_-37.875","name":"oisst_176.875_-37.875","Name":"oisst_176.875_-37.875"},"geometry":{"type":"Polygon","coordinates":[[[176.7495,-38.0005],[176.7495,-37.7495],[177.0005,-37.7495],[177.0005,-38.0005],[176.7495,-38.0005]]]}},{"type":"Feature","id":"oisst_176.875_-40.125","properties":{"cell_id":"oisst_176.875_-40.125","id":"oisst_176.875_-40.125","name":"oisst_176.875_-40.125","Name":"oisst_176.875_-40.125"},"geometry":{"type":"Polygon","coordinates":[[[176.7495,-40.2505],[176.7495,-39.9995],[177.0005,-39.9995],[177.0005,-40.2505],[176.7495,-40.2505]]]}},{"type":"Feature","id":"oisst_176.875_-40.375","properties":{"cell_id":"oisst_176.875_-40.375","id":"oisst_176.875_-40.375","name":"oisst_176.875_-40.375","Name":"oisst_176.875_-40.375"},"geometry":{"type":"Polygon","coordinates":[[[176.7495,-40.5005],[176.7495,-40.2495],[177.0005,-40.2495],[177.0005,-40.5005],[176.7495,-40.5005]]]}},{"type":"Feature","id":"oisst_176.875_-40.625","properties":{"cell_id":"oisst_176.875_-40.625","id":"oisst_176.875_-40.625","name":"oisst_176.875_-40.625","Name":"oisst_176.875_-40.625"},"geometry":{"type":"Polygon","coordinates":[[[176.7495,-40.7505],[176.7495,-40.4995],[177.0005,-40.4995],[177.0005,-40.7505],[176.7495,-40.7505]]]}},{"type":"Feature","id":"oisst_176.875_-40.875","properties":{"cell_id":"oisst_176.875_-40.875","id":"oisst_176.875_-40.875","name":"oisst_176.875_-40.875","Name":"oisst_176.875_-40.875"},"geometry":{"type":"Polygon","coordinates":[[[176.7495,-41.0005],[176.7495,-40.7495],[177.0005,-40.7495],[177.0005,-41.0005],[176.7495,-41.0005]]]}},{"type":"Feature","id":"oisst_176.875_-41.125","properties":{"cell_id":"oisst_176.875_-41.125","id":"oisst_176.875_-41.125","name":"oisst_176.875_-41.125","Name":"oisst_176.875_-41.125"},"geometry":{"type":"Polygon","coordinates":[[[176.7495,-41.2505],[176.7495,-40.9995],[177.0005,-40.9995],[177.0005,-41.2505],[176.7495,-41.2505]]]}},{"type":"Feature","id":"oisst_176.875_-41.375","properties":{"cell_id":"oisst_176.875_-41.375","id":"oisst_176.875_-41.375","name":"oisst_176.875_-41.375","Name":"oisst_176.875_-41.375"},"geometry":{"type":"Polygon","coordinates":[[[176.7495,-41.5005],[176.7495,-41.2495],[177.0005,-41.2495],[177.0005,-41.5005],[176.7495,-41.5005]]]}},{"type":"Feature","id":"oisst_177.125_-36.875","properties":{"cell_id":"oisst_177.125_-36.875","id":"oisst_177.125_-36.875","name":"oisst_177.125_-36.875","Name":"oisst_177.125_-36.875"},"geometry":{"type":"Polygon","coordinates":[[[176.9995,-37.0005],[176.9995,-36.7495],[177.2505,-36.7495],[177.2505,-37.0005],[176.9995,-37.0005]]]}},{"type":"Feature","id":"oisst_177.125_-37.125","properties":{"cell_id":"oisst_177.125_-37.125","id":"oisst_177.125_-37.125","name":"oisst_177.125_-37.125","Name":"oisst_177.125_-37.125"},"geometry":{"type":"Polygon","coordinates":[[[176.9995,-37.2505],[176.9995,-36.9995],[177.2505,-36.9995],[177.2505,-37.2505],[176.9995,-37.2505]]]}},{"type":"Feature","id":"oisst_177.125_-37.375","properties":{"cell_id":"oisst_177.125_-37.375","id":"oisst_177.125_-37.375","name":"oisst_177.125_-37.375","Name":"oisst_177.125_-37.375"},"geometry":{"type":"Polygon","coordinates":[[[176.9995,-37.5005],[176.9995,-37.2495],[177.2505,-37.2495],[177.2505,-37.5005],[176.9995,-37.5005]]]}},{"type":"Feature","id":"oisst_177.125_-37.625","properties":{"cell_id":"oisst_177.125_-37.625","id":"oisst_177.125_-37.625","name":"oisst_177.125_-37.625","Name":"oisst_177.125_-37.625"},"geometry":{"type":"Polygon","coordinates":[[[176.9995,-37.7505],[176.9995,-37.4995],[177.2505,-37.4995],[177.2505,-37.7505],[176.9995,-37.7505]]]}},{"type":"Feature","id":"oisst_177.125_-37.875","properties":{"cell_id":"oisst_177.125_-37.875","id":"oisst_177.125_-37.875","name":"oisst_177.125_-37.875","Name":"oisst_177.125_-37.875"},"geometry":{"type":"Polygon","coordinates":[[[176.9995,-38.0005],[176.9995,-37.7495],[177.2505,-37.7495],[177.2505,-38.0005],[176.9995,-38.0005]]]}},{"type":"Feature","id":"oisst_177.125_-39.375","properties":{"cell_id":"oisst_177.125_-39.375","id":"oisst_177.125_-39.375","name":"oisst_177.125_-39.375","Name":"oisst_177.125_-39.375"},"geometry":{"type":"Polygon","coordinates":[[[176.9995,-39.5005],[176.9995,-39.2495],[177.2505,-39.2495],[177.2505,-39.5005],[176.9995,-39.5005]]]}},{"type":"Feature","id":"oisst_177.125_-39.625","properties":{"cell_id":"oisst_177.125_-39.625","id":"oisst_177.125_-39.625","name":"oisst_177.125_-39.625","Name":"oisst_177.125_-39.625"},"geometry":{"type":"Polygon","coordinates":[[[176.9995,-39.7505],[176.9995,-39.4995],[177.2505,-39.4995],[177.2505,-39.7505],[176.9995,-39.7505]]]}},{"type":"Feature","id":"oisst_177.125_-39.875","properties":{"cell_id":"oisst_177.125_-39.875","id":"oisst_177.125_-39.875","name":"oisst_177.125_-39.875","Name":"oisst_177.125_-39.875"},"geometry":{"type":"Polygon","coordinates":[[[176.9995,-40.0005],[176.9995,-39.7495],[177.2505,-39.7495],[177.2505,-40.0005],[176.9995,-40.0005]]]}},{"type":"Feature","id":"oisst_177.125_-40.125","properties":{"cell_id":"oisst_177.125_-40.125","id":"oisst_177.125_-40.125","name":"oisst_177.125_-40.125","Name":"oisst_177.125_-40.125"},"geometry":{"type":"Polygon","coordinates":[[[176.9995,-40.2505],[176.9995,-39.9995],[177.2505,-39.9995],[177.2505,-40.2505],[176.9995,-40.2505]]]}},{"type":"Feature","id":"oisst_177.125_-40.375","properties":{"cell_id":"oisst_177.125_-40.375","id":"oisst_177.125_-40.375","name":"oisst_177.125_-40.375","Name":"oisst_177.125_-40.375"},"geometry":{"type":"Polygon","coordinates":[[[176.9995,-40.5005],[176.9995,-40.2495],[177.2505,-40.2495],[177.2505,-40.5005],[176.9995,-40.5005]]]}},{"type":"Feature","id":"oisst_177.125_-40.625","properties":{"cell_id":"oisst_177.125_-40.625","id":"oisst_177.125_-40.625","name":"oisst_177.125_-40.625","Name":"oisst_177.125_-40.625"},"geometry":{"type":"Polygon","coordinates":[[[176.9995,-40.7505],[176.9995,-40.4995],[177.2505,-40.4995],[177.2505,-40.7505],[176.9995,-40.7505]]]}},{"type":"Feature","id":"oisst_177.125_-40.875","properties":{"cell_id":"oisst_177.125_-40.875","id":"oisst_177.125_-40.875","name":"oisst_177.125_-40.875","Name":"oisst_177.125_-40.875"},"geometry":{"type":"Polygon","coordinates":[[[176.9995,-41.0005],[176.9995,-40.7495],[177.2505,-40.7495],[177.2505,-41.0005],[176.9995,-41.0005]]]}},{"type":"Feature","id":"oisst_177.375_-36.875","properties":{"cell_id":"oisst_177.375_-36.875","id":"oisst_177.375_-36.875","name":"oisst_177.375_-36.875","Name":"oisst_177.375_-36.875"},"geometry":{"type":"Polygon","coordinates":[[[177.2495,-37.0005],[177.2495,-36.7495],[177.5005,-36.7495],[177.5005,-37.0005],[177.2495,-37.0005]]]}},{"type":"Feature","id":"oisst_177.375_-37.125","properties":{"cell_id":"oisst_177.375_-37.125","id":"oisst_177.375_-37.125","name":"oisst_177.375_-37.125","Name":"oisst_177.375_-37.125"},"geometry":{"type":"Polygon","coordinates":[[[177.2495,-37.2505],[177.2495,-36.9995],[177.5005,-36.9995],[177.5005,-37.2505],[177.2495,-37.2505]]]}},{"type":"Feature","id":"oisst_177.375_-37.375","properties":{"cell_id":"oisst_177.375_-37.375","id":"oisst_177.375_-37.375","name":"oisst_177.375_-37.375","Name":"oisst_177.375_-37.375"},"geometry":{"type":"Polygon","coordinates":[[[177.2495,-37.5005],[177.2495,-37.2495],[177.5005,-37.2495],[177.5005,-37.5005],[177.2495,-37.5005]]]}},{"type":"Feature","id":"oisst_177.375_-37.625","properties":{"cell_id":"oisst_177.375_-37.625","id":"oisst_177.375_-37.625","name":"oisst_177.375_-37.625","Name":"oisst_177.375_-37.625"},"geometry":{"type":"Polygon","coordinates":[[[177.2495,-37.7505],[177.2495,-37.4995],[177.5005,-37.4995],[177.5005,-37.7505],[177.2495,-37.7505]]]}},{"type":"Feature","id":"oisst_177.375_-37.875","properties":{"cell_id":"oisst_177.375_-37.875","id":"oisst_177.375_-37.875","name":"oisst_177.375_-37.875","Name":"oisst_177.375_-37.875"},"geometry":{"type":"Polygon","coordinates":[[[177.2495,-38.0005],[177.2495,-37.7495],[177.5005,-37.7495],[177.5005,-38.0005],[177.2495,-38.0005]]]}},{"type":"Feature","id":"oisst_177.375_-39.125","properties":{"cell_id":"oisst_177.375_-39.125","id":"oisst_177.375_-39.125","name":"oisst_177.375_-39.125","Name":"oisst_177.375_-39.125"},"geometry":{"type":"Polygon","coordinates":[[[177.2495,-39.2505],[177.2495,-38.9995],[177.5005,-38.9995],[177.5005,-39.2505],[177.2495,-39.2505]]]}},{"type":"Feature","id":"oisst_177.375_-39.375","properties":{"cell_id":"oisst_177.375_-39.375","id":"oisst_177.375_-39.375","name":"oisst_177.375_-39.375","Name":"oisst_177.375_-39.375"},"geometry":{"type":"Polygon","coordinates":[[[177.2495,-39.5005],[177.2495,-39.2495],[177.5005,-39.2495],[177.5005,-39.5005],[177.2495,-39.5005]]]}},{"type":"Feature","id":"oisst_177.375_-39.625","properties":{"cell_id":"oisst_177.375_-39.625","id":"oisst_177.375_-39.625","name":"oisst_177.375_-39.625","Name":"oisst_177.375_-39.625"},"geometry":{"type":"Polygon","coordinates":[[[177.2495,-39.7505],[177.2495,-39.4995],[177.5005,-39.4995],[177.5005,-39.7505],[177.2495,-39.7505]]]}},{"type":"Feature","id":"oisst_177.375_-39.875","properties":{"cell_id":"oisst_177.375_-39.875","id":"oisst_177.375_-39.875","name":"oisst_177.375_-39.875","Name":"oisst_177.375_-39.875"},"geometry":{"type":"Polygon","coordinates":[[[177.2495,-40.0005],[177.2495,-39.7495],[177.5005,-39.7495],[177.5005,-40.0005],[177.2495,-40.0005]]]}},{"type":"Feature","id":"oisst_177.375_-40.125","properties":{"cell_id":"oisst_177.375_-40.125","id":"oisst_177.375_-40.125","name":"oisst_177.375_-40.125","Name":"oisst_177.375_-40.125"},"geometry":{"type":"Polygon","coordinates":[[[177.2495,-40.2505],[177.2495,-39.9995],[177.5005,-39.9995],[177.5005,-40.2505],[177.2495,-40.2505]]]}},{"type":"Feature","id":"oisst_177.375_-40.375","properties":{"cell_id":"oisst_177.375_-40.375","id":"oisst_177.375_-40.375","name":"oisst_177.375_-40.375","Name":"oisst_177.375_-40.375"},"geometry":{"type":"Polygon","coordinates":[[[177.2495,-40.5005],[177.2495,-40.2495],[177.5005,-40.2495],[177.5005,-40.5005],[177.2495,-40.5005]]]}},{"type":"Feature","id":"oisst_177.375_-40.625","properties":{"cell_id":"oisst_177.375_-40.625","id":"oisst_177.375_-40.625","name":"oisst_177.375_-40.625","Name":"oisst_177.375_-40.625"},"geometry":{"type":"Polygon","coordinates":[[[177.2495,-40.7505],[177.2495,-40.4995],[177.5005,-40.4995],[177.5005,-40.7505],[177.2495,-40.7505]]]}},{"type":"Feature","id":"oisst_177.625_-37.125","properties":{"cell_id":"oisst_177.625_-37.125","id":"oisst_177.625_-37.125","name":"oisst_177.625_-37.125","Name":"oisst_177.625_-37.125"},"geometry":{"type":"Polygon","coordinates":[[[177.4995,-37.2505],[177.4995,-36.9995],[177.7505,-36.9995],[177.7505,-37.2505],[177.4995,-37.2505]]]}},{"type":"Feature","id":"oisst_177.625_-37.375","properties":{"cell_id":"oisst_177.625_-37.375","id":"oisst_177.625_-37.375","name":"oisst_177.625_-37.375","Name":"oisst_177.625_-37.375"},"geometry":{"type":"Polygon","coordinates":[[[177.4995,-37.5005],[177.4995,-37.2495],[177.7505,-37.2495],[177.7505,-37.5005],[177.4995,-37.5005]]]}},{"type":"Feature","id":"oisst_177.625_-37.625","properties":{"cell_id":"oisst_177.625_-37.625","id":"oisst_177.625_-37.625","name":"oisst_177.625_-37.625","Name":"oisst_177.625_-37.625"},"geometry":{"type":"Polygon","coordinates":[[[177.4995,-37.7505],[177.4995,-37.4995],[177.7505,-37.4995],[177.7505,-37.7505],[177.4995,-37.7505]]]}},{"type":"Feature","id":"oisst_177.625_-39.125","properties":{"cell_id":"oisst_177.625_-39.125","id":"oisst_177.625_-39.125","name":"oisst_177.625_-39.125","Name":"oisst_177.625_-39.125"},"geometry":{"type":"Polygon","coordinates":[[[177.4995,-39.2505],[177.4995,-38.9995],[177.7505,-38.9995],[177.7505,-39.2505],[177.4995,-39.2505]]]}},{"type":"Feature","id":"oisst_177.625_-39.375","properties":{"cell_id":"oisst_177.625_-39.375","id":"oisst_177.625_-39.375","name":"oisst_177.625_-39.375","Name":"oisst_177.625_-39.375"},"geometry":{"type":"Polygon","coordinates":[[[177.4995,-39.5005],[177.4995,-39.2495],[177.7505,-39.2495],[177.7505,-39.5005],[177.4995,-39.5005]]]}},{"type":"Feature","id":"oisst_177.625_-39.625","properties":{"cell_id":"oisst_177.625_-39.625","id":"oisst_177.625_-39.625","name":"oisst_177.625_-39.625","Name":"oisst_177.625_-39.625"},"geometry":{"type":"Polygon","coordinates":[[[177.4995,-39.7505],[177.4995,-39.4995],[177.7505,-39.4995],[177.7505,-39.7505],[177.4995,-39.7505]]]}},{"type":"Feature","id":"oisst_177.625_-39.875","properties":{"cell_id":"oisst_177.625_-39.875","id":"oisst_177.625_-39.875","name":"oisst_177.625_-39.875","Name":"oisst_177.625_-39.875"},"geometry":{"type":"Polygon","coordinates":[[[177.4995,-40.0005],[177.4995,-39.7495],[177.7505,-39.7495],[177.7505,-40.0005],[177.4995,-40.0005]]]}},{"type":"Feature","id":"oisst_177.625_-40.125","properties":{"cell_id":"oisst_177.625_-40.125","id":"oisst_177.625_-40.125","name":"oisst_177.625_-40.125","Name":"oisst_177.625_-40.125"},"geometry":{"type":"Polygon","coordinates":[[[177.4995,-40.2505],[177.4995,-39.9995],[177.7505,-39.9995],[177.7505,-40.2505],[177.4995,-40.2505]]]}},{"type":"Feature","id":"oisst_177.625_-40.375","properties":{"cell_id":"oisst_177.625_-40.375","id":"oisst_177.625_-40.375","name":"oisst_177.625_-40.375","Name":"oisst_177.625_-40.375"},"geometry":{"type":"Polygon","coordinates":[[[177.4995,-40.5005],[177.4995,-40.2495],[177.7505,-40.2495],[177.7505,-40.5005],[177.4995,-40.5005]]]}},{"type":"Feature","id":"oisst_177.875_-36.875","properties":{"cell_id":"oisst_177.875_-36.875","id":"oisst_177.875_-36.875","name":"oisst_177.875_-36.875","Name":"oisst_177.875_-36.875"},"geometry":{"type":"Polygon","coordinates":[[[177.7495,-37.0005],[177.7495,-36.7495],[178.0005,-36.7495],[178.0005,-37.0005],[177.7495,-37.0005]]]}},{"type":"Feature","id":"oisst_177.875_-37.125","properties":{"cell_id":"oisst_177.875_-37.125","id":"oisst_177.875_-37.125","name":"oisst_177.875_-37.125","Name":"oisst_177.875_-37.125"},"geometry":{"type":"Polygon","coordinates":[[[177.7495,-37.2505],[177.7495,-36.9995],[178.0005,-36.9995],[178.0005,-37.2505],[177.7495,-37.2505]]]}},{"type":"Feature","id":"oisst_177.875_-37.375","properties":{"cell_id":"oisst_177.875_-37.375","id":"oisst_177.875_-37.375","name":"oisst_177.875_-37.375","Name":"oisst_177.875_-37.375"},"geometry":{"type":"Polygon","coordinates":[[[177.7495,-37.5005],[177.7495,-37.2495],[178.0005,-37.2495],[178.0005,-37.5005],[177.7495,-37.5005]]]}},{"type":"Feature","id":"oisst_177.875_-37.625","properties":{"cell_id":"oisst_177.875_-37.625","id":"oisst_177.875_-37.625","name":"oisst_177.875_-37.625","Name":"oisst_177.875_-37.625"},"geometry":{"type":"Polygon","coordinates":[[[177.7495,-37.7505],[177.7495,-37.4995],[178.0005,-37.4995],[178.0005,-37.7505],[177.7495,-37.7505]]]}},{"type":"Feature","id":"oisst_177.875_-39.375","properties":{"cell_id":"oisst_177.875_-39.375","id":"oisst_177.875_-39.375","name":"oisst_177.875_-39.375","Name":"oisst_177.875_-39.375"},"geometry":{"type":"Polygon","coordinates":[[[177.7495,-39.5005],[177.7495,-39.2495],[178.0005,-39.2495],[178.0005,-39.5005],[177.7495,-39.5005]]]}},{"type":"Feature","id":"oisst_177.875_-39.625","properties":{"cell_id":"oisst_177.875_-39.625","id":"oisst_177.875_-39.625","name":"oisst_177.875_-39.625","Name":"oisst_177.875_-39.625"},"geometry":{"type":"Polygon","coordinates":[[[177.7495,-39.7505],[177.7495,-39.4995],[178.0005,-39.4995],[178.0005,-39.7505],[177.7495,-39.7505]]]}},{"type":"Feature","id":"oisst_177.875_-39.875","properties":{"cell_id":"oisst_177.875_-39.875","id":"oisst_177.875_-39.875","name":"oisst_177.875_-39.875","Name":"oisst_177.875_-39.875"},"geometry":{"type":"Polygon","coordinates":[[[177.7495,-40.0005],[177.7495,-39.7495],[178.0005,-39.7495],[178.0005,-40.0005],[177.7495,-40.0005]]]}},{"type":"Feature","id":"oisst_178.125_-36.875","properties":{"cell_id":"oisst_178.125_-36.875","id":"oisst_178.125_-36.875","name":"oisst_178.125_-36.875","Name":"oisst_178.125_-36.875"},"geometry":{"type":"Polygon","coordinates":[[[177.9995,-37.0005],[177.9995,-36.7495],[178.2505,-36.7495],[178.2505,-37.0005],[177.9995,-37.0005]]]}},{"type":"Feature","id":"oisst_178.125_-37.125","properties":{"cell_id":"oisst_178.125_-37.125","id":"oisst_178.125_-37.125","name":"oisst_178.125_-37.125","Name":"oisst_178.125_-37.125"},"geometry":{"type":"Polygon","coordinates":[[[177.9995,-37.2505],[177.9995,-36.9995],[178.2505,-36.9995],[178.2505,-37.2505],[177.9995,-37.2505]]]}},{"type":"Feature","id":"oisst_178.125_-37.375","properties":{"cell_id":"oisst_178.125_-37.375","id":"oisst_178.125_-37.375","name":"oisst_178.125_-37.375","Name":"oisst_178.125_-37.375"},"geometry":{"type":"Polygon","coordinates":[[[177.9995,-37.5005],[177.9995,-37.2495],[178.2505,-37.2495],[178.2505,-37.5005],[177.9995,-37.5005]]]}},{"type":"Feature","id":"oisst_178.125_-38.875","properties":{"cell_id":"oisst_178.125_-38.875","id":"oisst_178.125_-38.875","name":"oisst_178.125_-38.875","Name":"oisst_178.125_-38.875"},"geometry":{"type":"Polygon","coordinates":[[[177.9995,-39.0005],[177.9995,-38.7495],[178.2505,-38.7495],[178.2505,-39.0005],[177.9995,-39.0005]]]}},{"type":"Feature","id":"oisst_178.125_-39.125","properties":{"cell_id":"oisst_178.125_-39.125","id":"oisst_178.125_-39.125","name":"oisst_178.125_-39.125","Name":"oisst_178.125_-39.125"},"geometry":{"type":"Polygon","coordinates":[[[177.9995,-39.2505],[177.9995,-38.9995],[178.2505,-38.9995],[178.2505,-39.2505],[177.9995,-39.2505]]]}},{"type":"Feature","id":"oisst_178.125_-39.375","properties":{"cell_id":"oisst_178.125_-39.375","id":"oisst_178.125_-39.375","name":"oisst_178.125_-39.375","Name":"oisst_178.125_-39.375"},"geometry":{"type":"Polygon","coordinates":[[[177.9995,-39.5005],[177.9995,-39.2495],[178.2505,-39.2495],[178.2505,-39.5005],[177.9995,-39.5005]]]}},{"type":"Feature","id":"oisst_178.125_-39.625","properties":{"cell_id":"oisst_178.125_-39.625","id":"oisst_178.125_-39.625","name":"oisst_178.125_-39.625","Name":"oisst_178.125_-39.625"},"geometry":{"type":"Polygon","coordinates":[[[177.9995,-39.7505],[177.9995,-39.4995],[178.2505,-39.4995],[178.2505,-39.7505],[177.9995,-39.7505]]]}},{"type":"Feature","id":"oisst_178.125_-39.875","properties":{"cell_id":"oisst_178.125_-39.875","id":"oisst_178.125_-39.875","name":"oisst_178.125_-39.875","Name":"oisst_178.125_-39.875"},"geometry":{"type":"Polygon","coordinates":[[[177.9995,-40.0005],[177.9995,-39.7495],[178.2505,-39.7495],[178.2505,-40.0005],[177.9995,-40.0005]]]}},{"type":"Feature","id":"oisst_178.375_-36.875","properties":{"cell_id":"oisst_178.375_-36.875","id":"oisst_178.375_-36.875","name":"oisst_178.375_-36.875","Name":"oisst_178.375_-36.875"},"geometry":{"type":"Polygon","coordinates":[[[178.2495,-37.0005],[178.2495,-36.7495],[178.5005,-36.7495],[178.5005,-37.0005],[178.2495,-37.0005]]]}},{"type":"Feature","id":"oisst_178.375_-37.125","properties":{"cell_id":"oisst_178.375_-37.125","id":"oisst_178.375_-37.125","name":"oisst_178.375_-37.125","Name":"oisst_178.375_-37.125"},"geometry":{"type":"Polygon","coordinates":[[[178.2495,-37.2505],[178.2495,-36.9995],[178.5005,-36.9995],[178.5005,-37.2505],[178.2495,-37.2505]]]}},{"type":"Feature","id":"oisst_178.375_-37.375","properties":{"cell_id":"oisst_178.375_-37.375","id":"oisst_178.375_-37.375","name":"oisst_178.375_-37.375","Name":"oisst_178.375_-37.375"},"geometry":{"type":"Polygon","coordinates":[[[178.2495,-37.5005],[178.2495,-37.2495],[178.5005,-37.2495],[178.5005,-37.5005],[178.2495,-37.5005]]]}},{"type":"Feature","id":"oisst_178.375_-37.625","properties":{"cell_id":"oisst_178.375_-37.625","id":"oisst_178.375_-37.625","name":"oisst_178.375_-37.625","Name":"oisst_178.375_-37.625"},"geometry":{"type":"Polygon","coordinates":[[[178.2495,-37.7505],[178.2495,-37.4995],[178.5005,-37.4995],[178.5005,-37.7505],[178.2495,-37.7505]]]}},{"type":"Feature","id":"oisst_178.375_-38.125","properties":{"cell_id":"oisst_178.375_-38.125","id":"oisst_178.375_-38.125","name":"oisst_178.375_-38.125","Name":"oisst_178.375_-38.125"},"geometry":{"type":"Polygon","coordinates":[[[178.2495,-38.2505],[178.2495,-37.9995],[178.5005,-37.9995],[178.5005,-38.2505],[178.2495,-38.2505]]]}},{"type":"Feature","id":"oisst_178.375_-38.375","properties":{"cell_id":"oisst_178.375_-38.375","id":"oisst_178.375_-38.375","name":"oisst_178.375_-38.375","Name":"oisst_178.375_-38.375"},"geometry":{"type":"Polygon","coordinates":[[[178.2495,-38.5005],[178.2495,-38.2495],[178.5005,-38.2495],[178.5005,-38.5005],[178.2495,-38.5005]]]}},{"type":"Feature","id":"oisst_178.375_-38.625","properties":{"cell_id":"oisst_178.375_-38.625","id":"oisst_178.375_-38.625","name":"oisst_178.375_-38.625","Name":"oisst_178.375_-38.625"},"geometry":{"type":"Polygon","coordinates":[[[178.2495,-38.7505],[178.2495,-38.4995],[178.5005,-38.4995],[178.5005,-38.7505],[178.2495,-38.7505]]]}},{"type":"Feature","id":"oisst_178.375_-38.875","properties":{"cell_id":"oisst_178.375_-38.875","id":"oisst_178.375_-38.875","name":"oisst_178.375_-38.875","Name":"oisst_178.375_-38.875"},"geometry":{"type":"Polygon","coordinates":[[[178.2495,-39.0005],[178.2495,-38.7495],[178.5005,-38.7495],[178.5005,-39.0005],[178.2495,-39.0005]]]}},{"type":"Feature","id":"oisst_178.375_-39.125","properties":{"cell_id":"oisst_178.375_-39.125","id":"oisst_178.375_-39.125","name":"oisst_178.375_-39.125","Name":"oisst_178.375_-39.125"},"geometry":{"type":"Polygon","coordinates":[[[178.2495,-39.2505],[178.2495,-38.9995],[178.5005,-38.9995],[178.5005,-39.2505],[178.2495,-39.2505]]]}},{"type":"Feature","id":"oisst_178.375_-39.375","properties":{"cell_id":"oisst_178.375_-39.375","id":"oisst_178.375_-39.375","name":"oisst_178.375_-39.375","Name":"oisst_178.375_-39.375"},"geometry":{"type":"Polygon","coordinates":[[[178.2495,-39.5005],[178.2495,-39.2495],[178.5005,-39.2495],[178.5005,-39.5005],[178.2495,-39.5005]]]}},{"type":"Feature","id":"oisst_178.375_-39.625","properties":{"cell_id":"oisst_178.375_-39.625","id":"oisst_178.375_-39.625","name":"oisst_178.375_-39.625","Name":"oisst_178.375_-39.625"},"geometry":{"type":"Polygon","coordinates":[[[178.2495,-39.7505],[178.2495,-39.4995],[178.5005,-39.4995],[178.5005,-39.7505],[178.2495,-39.7505]]]}},{"type":"Feature","id":"oisst_178.625_-37.125","properties":{"cell_id":"oisst_178.625_-37.125","id":"oisst_178.625_-37.125","name":"oisst_178.625_-37.125","Name":"oisst_178.625_-37.125"},"geometry":{"type":"Polygon","coordinates":[[[178.4995,-37.2505],[178.4995,-36.9995],[178.7505,-36.9995],[178.7505,-37.2505],[178.4995,-37.2505]]]}},{"type":"Feature","id":"oisst_178.625_-37.375","properties":{"cell_id":"oisst_178.625_-37.375","id":"oisst_178.625_-37.375","name":"oisst_178.625_-37.375","Name":"oisst_178.625_-37.375"},"geometry":{"type":"Polygon","coordinates":[[[178.4995,-37.5005],[178.4995,-37.2495],[178.7505,-37.2495],[178.7505,-37.5005],[178.4995,-37.5005]]]}},{"type":"Feature","id":"oisst_178.625_-37.625","properties":{"cell_id":"oisst_178.625_-37.625","id":"oisst_178.625_-37.625","name":"oisst_178.625_-37.625","Name":"oisst_178.625_-37.625"},"geometry":{"type":"Polygon","coordinates":[[[178.4995,-37.7505],[178.4995,-37.4995],[178.7505,-37.4995],[178.7505,-37.7505],[178.4995,-37.7505]]]}},{"type":"Feature","id":"oisst_178.625_-37.875","properties":{"cell_id":"oisst_178.625_-37.875","id":"oisst_178.625_-37.875","name":"oisst_178.625_-37.875","Name":"oisst_178.625_-37.875"},"geometry":{"type":"Polygon","coordinates":[[[178.4995,-38.0005],[178.4995,-37.7495],[178.7505,-37.7495],[178.7505,-38.0005],[178.4995,-38.0005]]]}},{"type":"Feature","id":"oisst_178.625_-38.125","properties":{"cell_id":"oisst_178.625_-38.125","id":"oisst_178.625_-38.125","name":"oisst_178.625_-38.125","Name":"oisst_178.625_-38.125"},"geometry":{"type":"Polygon","coordinates":[[[178.4995,-38.2505],[178.4995,-37.9995],[178.7505,-37.9995],[178.7505,-38.2505],[178.4995,-38.2505]]]}},{"type":"Feature","id":"oisst_178.625_-38.375","properties":{"cell_id":"oisst_178.625_-38.375","id":"oisst_178.625_-38.375","name":"oisst_178.625_-38.375","Name":"oisst_178.625_-38.375"},"geometry":{"type":"Polygon","coordinates":[[[178.4995,-38.5005],[178.4995,-38.2495],[178.7505,-38.2495],[178.7505,-38.5005],[178.4995,-38.5005]]]}},{"type":"Feature","id":"oisst_178.625_-38.625","properties":{"cell_id":"oisst_178.625_-38.625","id":"oisst_178.625_-38.625","name":"oisst_178.625_-38.625","Name":"oisst_178.625_-38.625"},"geometry":{"type":"Polygon","coordinates":[[[178.4995,-38.7505],[178.4995,-38.4995],[178.7505,-38.4995],[178.7505,-38.7505],[178.4995,-38.7505]]]}},{"type":"Feature","id":"oisst_178.625_-38.875","properties":{"cell_id":"oisst_178.625_-38.875","id":"oisst_178.625_-38.875","name":"oisst_178.625_-38.875","Name":"oisst_178.625_-38.875"},"geometry":{"type":"Polygon","coordinates":[[[178.4995,-39.0005],[178.4995,-38.7495],[178.7505,-38.7495],[178.7505,-39.0005],[178.4995,-39.0005]]]}},{"type":"Feature","id":"oisst_178.625_-39.125","properties":{"cell_id":"oisst_178.625_-39.125","id":"oisst_178.625_-39.125","name":"oisst_178.625_-39.125","Name":"oisst_178.625_-39.125"},"geometry":{"type":"Polygon","coordinates":[[[178.4995,-39.2505],[178.4995,-38.9995],[178.7505,-38.9995],[178.7505,-39.2505],[178.4995,-39.2505]]]}},{"type":"Feature","id":"oisst_178.625_-39.375","properties":{"cell_id":"oisst_178.625_-39.375","id":"oisst_178.625_-39.375","name":"oisst_178.625_-39.375","Name":"oisst_178.625_-39.375"},"geometry":{"type":"Polygon","coordinates":[[[178.4995,-39.5005],[178.4995,-39.2495],[178.7505,-39.2495],[178.7505,-39.5005],[178.4995,-39.5005]]]}},{"type":"Feature","id":"oisst_178.625_-39.625","properties":{"cell_id":"oisst_178.625_-39.625","id":"oisst_178.625_-39.625","name":"oisst_178.625_-39.625","Name":"oisst_178.625_-39.625"},"geometry":{"type":"Polygon","coordinates":[[[178.4995,-39.7505],[178.4995,-39.4995],[178.7505,-39.4995],[178.7505,-39.7505],[178.4995,-39.7505]]]}},{"type":"Feature","id":"oisst_178.875_-37.125","properties":{"cell_id":"oisst_178.875_-37.125","id":"oisst_178.875_-37.125","name":"oisst_178.875_-37.125","Name":"oisst_178.875_-37.125"},"geometry":{"type":"Polygon","coordinates":[[[178.7495,-37.2505],[178.7495,-36.9995],[179.0005,-36.9995],[179.0005,-37.2505],[178.7495,-37.2505]]]}},{"type":"Feature","id":"oisst_178.875_-37.375","properties":{"cell_id":"oisst_178.875_-37.375","id":"oisst_178.875_-37.375","name":"oisst_178.875_-37.375","Name":"oisst_178.875_-37.375"},"geometry":{"type":"Polygon","coordinates":[[[178.7495,-37.5005],[178.7495,-37.2495],[179.0005,-37.2495],[179.0005,-37.5005],[178.7495,-37.5005]]]}},{"type":"Feature","id":"oisst_178.875_-37.625","properties":{"cell_id":"oisst_178.875_-37.625","id":"oisst_178.875_-37.625","name":"oisst_178.875_-37.625","Name":"oisst_178.875_-37.625"},"geometry":{"type":"Polygon","coordinates":[[[178.7495,-37.7505],[178.7495,-37.4995],[179.0005,-37.4995],[179.0005,-37.7505],[178.7495,-37.7505]]]}},{"type":"Feature","id":"oisst_178.875_-37.875","properties":{"cell_id":"oisst_178.875_-37.875","id":"oisst_178.875_-37.875","name":"oisst_178.875_-37.875","Name":"oisst_178.875_-37.875"},"geometry":{"type":"Polygon","coordinates":[[[178.7495,-38.0005],[178.7495,-37.7495],[179.0005,-37.7495],[179.0005,-38.0005],[178.7495,-38.0005]]]}},{"type":"Feature","id":"oisst_178.875_-38.125","properties":{"cell_id":"oisst_178.875_-38.125","id":"oisst_178.875_-38.125","name":"oisst_178.875_-38.125","Name":"oisst_178.875_-38.125"},"geometry":{"type":"Polygon","coordinates":[[[178.7495,-38.2505],[178.7495,-37.9995],[179.0005,-37.9995],[179.0005,-38.2505],[178.7495,-38.2505]]]}},{"type":"Feature","id":"oisst_178.875_-38.375","properties":{"cell_id":"oisst_178.875_-38.375","id":"oisst_178.875_-38.375","name":"oisst_178.875_-38.375","Name":"oisst_178.875_-38.375"},"geometry":{"type":"Polygon","coordinates":[[[178.7495,-38.5005],[178.7495,-38.2495],[179.0005,-38.2495],[179.0005,-38.5005],[178.7495,-38.5005]]]}},{"type":"Feature","id":"oisst_178.875_-38.625","properties":{"cell_id":"oisst_178.875_-38.625","id":"oisst_178.875_-38.625","name":"oisst_178.875_-38.625","Name":"oisst_178.875_-38.625"},"geometry":{"type":"Polygon","coordinates":[[[178.7495,-38.7505],[178.7495,-38.4995],[179.0005,-38.4995],[179.0005,-38.7505],[178.7495,-38.7505]]]}},{"type":"Feature","id":"oisst_178.875_-38.875","properties":{"cell_id":"oisst_178.875_-38.875","id":"oisst_178.875_-38.875","name":"oisst_178.875_-38.875","Name":"oisst_178.875_-38.875"},"geometry":{"type":"Polygon","coordinates":[[[178.7495,-39.0005],[178.7495,-38.7495],[179.0005,-38.7495],[179.0005,-39.0005],[178.7495,-39.0005]]]}},{"type":"Feature","id":"oisst_179.125_-37.375","properties":{"cell_id":"oisst_179.125_-37.375","id":"oisst_179.125_-37.375","name":"oisst_179.125_-37.375","Name":"oisst_179.125_-37.375"},"geometry":{"type":"Polygon","coordinates":[[[178.9995,-37.5005],[178.9995,-37.2495],[179.2505,-37.2495],[179.2505,-37.5005],[178.9995,-37.5005]]]}},{"type":"Feature","id":"oisst_179.125_-37.625","properties":{"cell_id":"oisst_179.125_-37.625","id":"oisst_179.125_-37.625","name":"oisst_179.125_-37.625","Name":"oisst_179.125_-37.625"},"geometry":{"type":"Polygon","coordinates":[[[178.9995,-37.7505],[178.9995,-37.4995],[179.2505,-37.4995],[179.2505,-37.7505],[178.9995,-37.7505]]]}},{"type":"Feature","id":"oisst_179.125_-37.875","properties":{"cell_id":"oisst_179.125_-37.875","id":"oisst_179.125_-37.875","name":"oisst_179.125_-37.875","Name":"oisst_179.125_-37.875"},"geometry":{"type":"Polygon","coordinates":[[[178.9995,-38.0005],[178.9995,-37.7495],[179.2505,-37.7495],[179.2505,-38.0005],[178.9995,-38.0005]]]}},{"type":"Feature","id":"oisst_179.125_-38.125","properties":{"cell_id":"oisst_179.125_-38.125","id":"oisst_179.125_-38.125","name":"oisst_179.125_-38.125","Name":"oisst_179.125_-38.125"},"geometry":{"type":"Polygon","coordinates":[[[178.9995,-38.2505],[178.9995,-37.9995],[179.2505,-37.9995],[179.2505,-38.2505],[178.9995,-38.2505]]]}},{"type":"Feature","id":"oisst_179.125_-38.375","properties":{"cell_id":"oisst_179.125_-38.375","id":"oisst_179.125_-38.375","name":"oisst_179.125_-38.375","Name":"oisst_179.125_-38.375"},"geometry":{"type":"Polygon","coordinates":[[[178.9995,-38.5005],[178.9995,-38.2495],[179.2505,-38.2495],[179.2505,-38.5005],[178.9995,-38.5005]]]}},{"type":"Feature","id":"oisst_179.125_-38.625","properties":{"cell_id":"oisst_179.125_-38.625","id":"oisst_179.125_-38.625","name":"oisst_179.125_-38.625","Name":"oisst_179.125_-38.625"},"geometry":{"type":"Polygon","coordinates":[[[178.9995,-38.7505],[178.9995,-38.4995],[179.2505,-38.4995],[179.2505,-38.7505],[178.9995,-38.7505]]]}},{"type":"Feature","id":"oisst_179.375_-37.625","properties":{"cell_id":"oisst_179.375_-37.625","id":"oisst_179.375_-37.625","name":"oisst_179.375_-37.625","Name":"oisst_179.375_-37.625"},"geometry":{"type":"Polygon","coordinates":[[[179.2495,-37.7505],[179.2495,-37.4995],[179.5005,-37.4995],[179.5005,-37.7505],[179.2495,-37.7505]]]}},{"type":"Feature","id":"oisst_179.375_-37.875","properties":{"cell_id":"oisst_179.375_-37.875","id":"oisst_179.375_-37.875","name":"oisst_179.375_-37.875","Name":"oisst_179.375_-37.875"},"geometry":{"type":"Polygon","coordinates":[[[179.2495,-38.0005],[179.2495,-37.7495],[179.5005,-37.7495],[179.5005,-38.0005],[179.2495,-38.0005]]]}}]}